{
    "engcal": [
        0.07056075287052152,
        0.1826657992485341,
        1.659146317806695e-08
    ],
    "effcal": [
        0.004979743680291088,
        82.79439132052788,
        1.8923122256502927,
        1.0824972934612407,
        1.6760178619830888
    ],
    "unc_effcal": [
        [
            4.563297553128738e-07,
            -5431.701282539018,
            -1.8875222940845605e-06,
            6.252510453360818e-05,
            -0.00033874737565463384
        ],
        [
            -5431.7012825390175,
            1.8882003425669932e+16,
            1722591.2975874224,
            136941.36585852015,
            3364320.7714614766
        ],
        [
            -1.8875222940845605e-06,
            1722591.2975874227,
            0.0011349193444172745,
            0.0006203652877456439,
            0.0005035549671587041
        ],
        [
            6.252510453360817e-05,
            136941.36585852018,
            0.0006203652877456438,
            0.009752879907850896,
            -0.048322761409595995
        ],
        [
            -0.00033874737565463384,
            3364320.771461477,
            0.0005035549671587042,
            -0.048322761409595995,
            0.255263928619519
        ]
    ],
    "rescal": [
        2.5492228975764553,
        0.00037864292655252074
    ],
    "_calib_data": {
        "engcal": {
            "channel": [
                434.9249089749642,
                442.51918438583965,
                878.6802311320937,
                1222.9859399523848,
                1513.0074081208638,
                1657.7016797274825,
                1948.5166889310947,
                2100.693961472219,
                665.8842746819242,
                1339.4022965907632,
                1619.142732547283,
                1884.2334363733132,
                2012.9789932031401,
                2249.6155047166367,
                2429.226259880975,
                2674.0914780109747,
                3085.465895939338,
                3207.5000933424913,
                3712.620624204903,
                3767.5132993796014,
                3935.032992151592,
                4261.181349449759,
                4434.241515740612,
                4745.506962857367,
                5029.8115682255575,
                5067.3698579218935,
                5274.391971083629,
                5499.8937456295525,
                5941.064151046948,
                5962.43989292553,
                6084.317689607311,
                6636.5241214387715,
                7108.391612087592,
                7703.830408026517,
                7982.784999999999,
                8362.706480861447,
                3619.675795455922
            ],
            "energy": [
                79.6142,
                80.9979,
                160.612,
                223.2368,
                276.3989,
                302.8508,
                356.0129,
                383.8485,
                121.7817,
                244.6974,
                295.9387,
                344.2785,
                367.7891,
                411.1165,
                443.9606,
                488.6792,
                563.986,
                586.2648,
                678.623,
                688.67,
                719.346,
                778.9045,
                810.451,
                867.38,
                919.337,
                926.31,
                964.057,
                1005.27,
                1085.837,
                1089.737,
                1112.076,
                1212.948,
                1299.142,
                1408.013,
                1457.643,
                1528.1,
                661.657
            ],
            "unc_channel": [
                0.34006100548180623,
                0.033215976793646546,
                0.08023669792763423,
                0.1323200414343661,
                0.018780221654007185,
                0.0102243937800637,
                0.006411573991286399,
                0.01554860354048188,
                0.005168592452661595,
                0.007754402341902367,
                0.07955706702175812,
                0.004909223963305297,
                0.050323029508864206,
                0.020683761847263758,
                0.018725290142643507,
                0.07727637145582379,
                0.11357807710043646,
                0.16130125205170345,
                0.20178830037926887,
                0.06134377821867851,
                0.18958409051527972,
                0.011322654950808796,
                0.23459062253703303,
                0.0306830864455686,
                0.11672992051118602,
                0.22142294542766738,
                0.018518617362251764,
                0.09105859600683346,
                0.02000141247893694,
                0.05524008291673782,
                0.0227542446125733,
                0.0620729314989023,
                0.07352031194012575,
                0.028592906188180518,
                0.4713780041366254,
                0.16680688261608226,
                0.015111319682283833
            ],
            "fit": [
                0.07056075287052152,
                0.1826657992485341,
                1.659146317806695e-08
            ],
            "unc": [
                [
                    0.0017114472748865962,
                    -1.25668859344198e-06,
                    1.6520619468217557e-10
                ],
                [
                    -1.25668859344198e-06,
                    1.0729657532552506e-09,
                    -1.511527009493061e-13
                ],
                [
                    1.6520619468217557e-10,
                    -1.511527009493061e-13,
                    2.336295387671685e-17
                ]
            ]
        },
        "rescal": {
            "channel": [
                434.9249089749642,
                442.51918438583965,
                878.6802311320937,
                1222.9859399523848,
                1513.0074081208638,
                1657.7016797274825,
                1948.5166889310947,
                2100.693961472219,
                665.8842746819242,
                1339.4022965907632,
                1619.142732547283,
                1884.2334363733132,
                2012.9789932031401,
                2249.6155047166367,
                2429.226259880975,
                2674.0914780109747,
                3085.465895939338,
                3207.5000933424913,
                3712.620624204903,
                3767.5132993796014,
                3935.032992151592,
                4261.181349449759,
                4434.241515740612,
                4745.506962857367,
                5029.8115682255575,
                5067.3698579218935,
                5274.391971083629,
                5499.8937456295525,
                5941.064151046948,
                6084.317689607311,
                6636.5241214387715,
                7108.391612087592,
                7703.830408026517,
                7982.784999999999,
                8362.706480861447,
                3619.675795455922
            ],