{
    "engcal": [
        -0.1879671616390141,
        0.026776333098402286,
        -8.860592402804603e-10
    ],
    "effcal": [
        0.0011256102474630249,
        1.5409985194711997,
        5.493450123093255,
        0.0023687670364727353,
        0.4469534051851898
    ],
    "unc_effcal": [
        [
            3.2693518100934286e-08,
            -8.934284773688111e-05,
            0.0,
            0.0,
            0.0
        ],
        [
            -8.934284773688111e-05,
            0.5567191269819511,
            0.0,
            0.0,
            0.0
        ],
        [
            0.0,
            0.0,
            0.0,
            0.0,
            0.0
        ],
        [
            0.0,
            0.0,
            0.0,
            0.0,
            0.0
        ],
        [
            0.0,
            0.0,
            0.0,
            0.0,
            0.0
        ]
    ],
    "rescal": [
        2.998106877084354,
        0.0006007411878865643
    ],
    "_calib_data": {
        "engcal": {
            "channel": [
                2979.6695925006907,
                3032.737692757685,
                6006.539204225347,
                8345.987600000002,
                10332.794800000001,
                11322.200800000002,
                13309.008000000002,
                14350.382800000001,
                3295.765218636207,
                3295.765218636207
            ],
            "energy": [
                79.6142,
                80.9979,
                160.612,
                223.2368,
                276.3989,
                302.8508,
                356.0129,
                383.8485,
                88.0336,
                88.0336
            ],
            "unc_channel": [
                0.1677459224595206,
                0.21388192170509882,
                0.19284634052883648,
                0.3467936246561752,
                0.4706752521978218,
                0.7854271431766531,
                1.4519430702946414,
                1.4129682588590622,
                0.22194527958029717,
                0.22194527958029717
            ],
            "fit": [
                -0.1879671616390141,
                0.026776333098402286,
                -8.860592402804603e-10
            ],
            "unc": [
                [
                    0.0012774221794039258,
                    -4.6678500704623795e-07,
                    3.362465209966338e-11
                ],
                [
                    -4.6678500704623795e-07,
                    1.8039190836164137e-10,
                    -1.3451560978896284e-14
                ],
                [
                    3.362465209966338e-11,
                    -1.3451560978896284e-14,
                    1.052110683308864e-18
                ]
            ]
        },
        "rescal": {
            "channel": [
                2979.6695925006907,
                3032.737692757685,
                6006.539204225347,
                8345.987600000002,
                10332.794800000001,
                11322.200800000002,
                3295.765218636207,
                3295.765218636207
            ],
            "width": [
                4.7886,
                4.819799999999999,
                6.6066,
                8.012399999999998,
                9.205199999999998,
                9.799199999999859,
                4.977599999999999,
                4.977599999999999
            ],
            "unc_width": [
                0.5354510871779807,
                0.6739565033356466,
                0.6082177719364045,
                1.1095952468041206,
                1.260408623786771,
                1.8316690672464662,
                0.7042105906875241,
                0.7042105906875241
            ],
            "fit": [
                2.998106877084354,
                0.0006007411878865643
            ],
            "unc": [
                [
                    1.1440935155773138e-07,
                    -2.0412466718631648e-11
                ],
                [
                    -2.0412466718631648e-11,
                    4.571124370077095e-15
                ]
            ]
        },
        "effcal": {
            "energy": [
                79.6142,
                80.9979,
                160.612,
                223.2368,
                276.3989,
                302.8508,
                88.0336,
                88.0336
            ],
            "efficiency": [
                0.0007345282545659205,
                0.0009709362445556354,
                0.00045675997704520304,
                0.0002648925856162072,
                0.00010236664852590823,
                5.215538571851947e-05,
                0.0009286401750296327,
                0.0009286401750296327
            ],
            "unc_efficiency": [
                7.162438930362608e-05,
                0.00011784799401987273,
                3.653125175191706e-05,
                3.139582386165132e-05,
                1.3883490725888963e-05,
                1.1049695959703093e-05,
                0.0001128948365241085,
                0.0001128948365241085
            ],
            "fit": [
                0.0011256102474630249,
                1.5409985194711997,
                5.493450123093255,
                0.0023687670364727353,
                0.4469534051851898
            ],
            "unc": [
                [
                    3.2693518100934286e-08,
                    -8.934284773688111e-05,
                    0.0,
                    0.0,
                    0.0
                ],
                [
                    -8.934284773688111e-05,
                    0.5567191269819511,
                    0.0,
                    0.0,
                    0.0
                ],
                [
                    0.0,
                    0.0,
                    0.0,
                    0.0,
                    0.0
                ],
                [
                    0.0,
                    0.0,
                    0.0,
                    0.0,
                    0.0
                ],
                [
                    0.0,
                    0.0,
                    0.0,
                    0.0,
                    0.0
                ]
            ]
        }
    }
}