{
    "engcal": [
        -0.2113510901561851,
        0.02674910883831913,
        1.630800805625609e-09
    ],
    "effcal": [
        0.0025986308916677516,
        0.23856282048558985,
        5.999999999999999,
        1.4538360669255914,
        2.0677920812621258
    ],
    "unc_effcal": [
        [
            3.689493817275342e-05,
            -0.009784253356591293,
            -0.016544884207605987,
            -0.0007021273513332611,
            0.06074292974456415
        ],
        [
            -0.009784253356591293,
            2.627179934930268,
            4.535370111811358,
            0.19953214753582976,
            -16.478300184350783
        ],
        [
            -0.016544884207605987,
            4.535370111811358,
            11.049804893192759,
            0.522603952633352,
            -29.237240693295327
        ],
        [
            -0.0007021273513332611,
            0.19953214753582976,
            0.522603952633352,
            0.03188383844905934,
            -1.3516841698669466
        ],
        [
            0.06074292974456415,
            -16.478300184350783,
            -29.237240693295334,
            -1.3516841698669468,
            104.42796670677342
        ]
    ],
    "rescal": [
        3.1196083065183693,
        0.0005760187203547914
    ],
    "_calib_data": {
        "engcal": {
            "channel": [
                2982.7039536419156,
                3035.371170332232,
                6012.248044396137,
                8347.961465616716,
                10332.794800000001,
                11322.200800000002,
                13309.008000000002,
                14350.382800000001,
                3298.8001802216395
            ],
            "energy": [
                79.6142,
                80.9979,
                160.612,
                223.2368,
                276.3989,
                302.8508,
                356.0129,
                383.8485,
                88.0336
            ],
            "unc_channel": [
                0.15477029009938695,
                0.20261209505371625,
                0.16989526739806496,
                0.2829132617344259,
                0.16884275417167288,
                0.20963041372157312,
                0.48449228571498093,
                0.7063139640598005,
                0.18953067396991183
            ],
            "fit": [
                -0.2113510901561851,
                0.02674910883831913,
                1.630800805625609e-09
            ],
            "unc": [
                [
                    0.006149642498939858,
                    -2.0245694316709664e-06,
                    1.3224809478089588e-10
                ],
                [
                    -2.0245694316709664e-06,
                    7.234782709940878e-10,
                    -4.89544635304809e-14
                ],
                [
                    1.3224809478089588e-10,
                    -4.89544635304809e-14,
                    3.402248920117249e-18
                ]
            ]
        },
        "rescal": {
            "channel": [
                2982.7039536419156,
                3035.371170332232,
                6012.248044396137,
                8347.961465616716,
                10332.794800000001,
                11322.200800000002,
                13309.008000000002,
                14350.382800000001,
                3298.8001802216395
            ],
            "width": [
                4.7886,
                4.819799999999999,
                6.6066,
                8.012399999999998,
                9.205199999999998,
                9.799199999999997,
                10.99199999999686,
                9.146695947777323,
                4.977599999999999
            ],
            "unc_width": [
                0.49178015777632506,
                0.6352076625895138,
                0.5494701480614356,
                0.9119028998366859,
                0.4999991325839532,
                0.5840679744391811,
                1.0979989745174012,
                1.5725621550093873,
                0.5914390671205247
            ],
            "fit": [
                3.1196083065183693,
                0.0005760187203547914
            ],
            "unc": [
                [
                    0.06314002695470909,
                    -7.164156733991894e-06
                ],
                [
                    -7.164156733991894e-06,
                    1.0537705679546465e-09
                ]
            ]
        },
        "effcal": {
            "energy": [
                79.6142,
                80.9979,
                160.612,
                223.2368,
                276.3989,
                302.8508,
                356.0129,
                88.0336
            ],
            "efficiency": [
                0.0017306266468892838,
                0.002182388231120242,
                0.0009730666161778367,
                0.0005533218477429101,
                0.0003645098271212258,
                0.0002778803204688229,
                0.00013451107553709058,
                0.001960938296121602
            ],
            "unc_efficiency": [
                0.00015623437481712425,
                0.0002509282561943984,
                6.92418602799804e-05,
                5.367428484842462e-05,
                1.845043021567774e-05,
                1.622643114378031e-05,
                1.71174022083473e-05,
                0.00020286248627536782
            ],
            "fit": [
                0.0025986308916677516,
                0.23856282048558985,
                5.999999999999999,
                1.4538360669255914,
                2.0677920812621258
            ],
            "unc": [
                [
                    3.689493817275342e-05,
                    -0.009784253356591293,
                    -0.016544884207605987,
                    -0.0007021273513332611,
                    0.06074292974456415
                ],
                [
                    -0.009784253356591293,
                    2.627179934930268,
                    4.535370111811358,
                    0.19953214753582976,
                    -16.478300184350783
                ],
                [
                    -0.016544884207605987,
                    4.535370111811358,
                    11.049804893192759,
                    0.522603952633352,
                    -29.237240693295327
                ],
                [
                    -0.0007021273513332611,
                    0.19953214753582976,
                    0.522603952633352,
                    0.03188383844905934,
                    -1.3516841698669466
                ],
                [
                    0.06074292974456415,
                    -16.478300184350783,
                    -29.237240693295334,
                    -1.3516841698669468,
                    104.42796670677342
                ]
            ]
        }
    }
}