{
    "engcal": [
        -0.16516037235276143,
        0.02673759810291129,
        2.2182276841500566e-09
    ],
    "effcal": [
        5.480325222216267e-05,
        0.5392125106678004,
        5.90271215594201,
        1.367554513492806,
        2.6452375158936494
    ],
    "unc_effcal": [
        [
            5.356703733470527e-07,
            0.0338034001310527,
            0.03548844427329197,
            0.00024315734517248947,
            -0.1892012765911238
        ],
        [
            0.0338034001310527,
            2134.7568444165136,
            2240.6912119305757,
            15.257634857127076,
            -11946.24492305271
        ],
        [
            0.03548844427329197,
            2240.6912119305757,
            2355.5292405256014,
            16.2289610539121,
            -12539.988987834127
        ],
        [
            0.00024315734517248947,
            15.257634857127076,
            16.2289610539121,
            0.13324000802666144,
            -85.604138087226
        ],
        [
            -0.18920127659112376,
            -11946.24492305271,
            -12539.988987834126,
            -85.60413808722599,
            66855.77975421058
        ]
    ],
    "rescal": [
        2.996200920042833,
        0.0006008296554249785
    ],
    "_calib_data": {
        "engcal": {
            "channel": [
                2981.7690414177628,
                3035.8791672733346,
                6014.085220230912,
                10332.979632208371,
                11322.200800000002,
                13309.008000000002,
                14350.382800000001
            ],
            "energy": [
                79.6142,
                80.9979,
                160.612,
                276.3989,
                302.8508,
                356.0129,
                383.8485
            ],
            "unc_channel": [
                0.15701157356644874,
                0.2032577823950668,
                0.25494279371689316,
                0.1808673357448186,
                0.1832546838051532,
                0.3979112725161012,
                0.8143369758269241
            ],
            "fit": [
                -0.16516037235276143,
                0.02673759810291129,
                2.2182276841500566e-09
            ],
            "unc": [
                [
                    0.01710106215503515,
                    -5.844012927540304e-06,
                    3.798806378435588e-10
                ],
                [
                    -5.844012927540304e-06,
                    2.1748046042970604e-09,
                    -1.4582926894417225e-13
                ],
                [
                    3.798806378435588e-10,
                    -1.4582926894417225e-13,
                    9.962612741165053e-18
                ]
            ]
        },
        "rescal": {
            "channel": [
                2981.7690414177628,
                3035.8791672733346,
                6014.085220230912,
                10332.979632208371,
                11322.200800000002,
                13309.008000000002,
                14350.382800000001
            ],
            "width": [
                4.7886,
                4.819799999999999,
                6.6066,
                9.205199999999998,
                9.799199999999997,
                10.991999999999996,
                11.617199999999999
            ],
            "unc_width": [
                0.49953615186215006,
                0.6385939943927718,
                0.8250519071169887,
                0.5675202325923993,
                0.53679133512677,
                1.0120564123018574,
                2.193182761244136
            ],
            "fit": [
                2.996200920042833,
                0.0006008296554249785
            ],
            "unc": [
                [
                    1.0774413476960152e-06,
                    -1.1285161908226738e-10
                ],
                [
                    -1.1285161908226738e-10,
                    1.531763879360704e-14
                ]
            ]
        },
        "effcal": {
            "energy": [
                79.6142,
                80.9979,
                160.612,
                276.3989,
                302.8508,
                356.0129,
                383.8485
            ],
            "efficiency": [
                5.24351839105766e-05,
                7.982592884273145e-05,
                4.5046545005202916e-05,
                1.3991242501840713e-05,
                1.1419009652131034e-05,
                5.985105613983467e-06,
                3.3803342391391534e-06
            ],
            "unc_efficiency": [
                4.787900968092211e-06,
                9.19891585572175e-06,
                4.777852531431019e-06,
                7.660855767368641e-07,
                5.904785959167105e-07,
                6.52973423897799e-07,
                6.433339430935942e-07
            ],
            "fit": [
                5.480325222216267e-05,
                0.5392125106678004,
                5.90271215594201,
                1.367554513492806,
                2.6452375158936494
            ],
            "unc": [
                [
                    5.356703733470527e-07,
                    0.0338034001310527,
                    0.03548844427329197,
                    0.00024315734517248947,
                    -0.1892012765911238
                ],
                [
                    0.0338034001310527,
                    2134.7568444165136,
                    2240.6912119305757,
                    15.257634857127076,
                    -11946.24492305271
                ],
                [
                    0.03548844427329197,
                    2240.6912119305757,
                    2355.5292405256014,
                    16.2289610539121,
                    -12539.988987834127
                ],
                [
                    0.00024315734517248947,
                    15.257634857127076,
                    16.2289610539121,
                    0.13324000802666144,
                    -85.604138087226
                ],
                [
                    -0.18920127659112376,
                    -11946.24492305271,
                    -12539.988987834126,
                    -85.60413808722599,
                    66855.77975421058
                ]
            ]
        }
    }
}