{
    "engcal": [
        0.10754682020985847,
        0.19432991562542748,
        1.4250954929895818e-08
    ],
    "effcal": [
        0.01976965660549106,
        89.94101177042145,
        1.9015383973375237,
        1.8729277794968084,
        0.5267083738645262
    ],
    "unc_effcal": [
        [
            2.4913288948169695e-07,
            1.2907507961861492e-19,
            2.659830891727106e-05,
            5.698919784756055e-05,
            -2.623827461942771e-05
        ],
        [
            1.290750796186149e-19,
            1.1376062822912527e-31,
            2.7223675184010252e-17,
            4.867746922083549e-17,
            -1.9029308313885175e-17
        ],
        [
            2.6598308917271065e-05,
            2.7223675184010258e-17,
            0.007200102525728936,
            0.01127250271753563,
            -0.004169306876279019
        ],
        [
            5.698919784756055e-05,
            4.867746922083549e-17,
            0.01127250271753563,
            0.021040992393982758,
            -0.008332946562625006
        ],
        [
            -2.6238274619427715e-05,
            -1.9029308313885178e-17,
            -0.004169306876279019,
            -0.008332946562625008,
            0.003476709371002887
        ]
    ],
    "rescal": [
        1.8812989498129769,
        0.00042542986909082633
    ],
    "_calib_data": {
        "engcal": {
            "channel": [
                409.06508146854463,
                416.1451087208981,
                825.9728658180287,
                1148.160632171957,
                1421.8505634186656,
                1557.9640534225991,
                1831.4874760420767,
                1974.682005040669,
                626.0483075855306,
                1258.4743000655933,
                1522.0032829094148,
                1693.8356616946821,
                1770.8199160909307,
                1891.677196857803,
                2114.4352923594643,
                2283.597546175987,
                2513.781825685271,
                2901.543753993847,
                3015.1786005123317,
                3490.771674584456,
                3542.484651386216,
                3701.406664218565,
                4006.2398453687792,
                4169.466042622376,
                4461.286249267915,
                4728.294264530863,
                4764.657097236104,
                4958.358466448652,
                5169.076222818933,
                5584.831098342743,
                5605.122750997333,
                5719.602533100979,
                6238.487690867292,
                6430.805558283655,
                6681.810832702231,
                7241.530817328473,
                7497.017499783865,
                7862.218796287123,
                3403.190451971617
            ],
            "energy": [
                79.6142,
                80.9979,
                160.612,
                223.2368,
                276.3989,
                302.8508,
                356.0129,
                383.8485,
                121.7817,
                244.6974,
                295.9387,
                329.41,
                344.2785,
                367.7891,
                411.1165,
                443.9606,
                488.6792,
                563.986,
                586.2648,
                678.623,
                688.67,
                719.346,
                778.9045,
                810.451,
                867.38,
                919.337,
                926.31,
                964.057,
                1005.27,
                1085.837,
                1089.737,
                1112.076,
                1212.948,
                1249.94,
                1299.142,
                1408.013,
                1457.643,
                1528.1,
                661.657
            ],
            "unc_channel": [
                0.03027186656292251,
                0.004279328461668676,
                0.03670222687303117,
                0.04869754491684036,
                0.009847286541521567,
                0.007616319192729402,
                0.004718921132855429,
                0.04089542805407572,
                0.003618468429686884,
                0.007717088646551241,
                0.05935149056981479,
                0.10803761974305723,
                0.004838485022865029,
                0.043032414431143744,
                0.016661030669425838,
                0.019738221721817068,
                0.09761794249734264,
                0.10780785660783011,
                0.08573594182237755,
                0.11247364962976296,
                0.03997640818844882,
                0.14033665180769048,
                0.012041110236917606,
                0.10929485620158677,
                0.027767982940044667,
                0.12399027048182526,
                0.22053140255223974,
                0.01561655236568416,
                0.09906844048216787,
                0.016290652321476664,
                0.04598439259561108,
                0.019901200814213753,
                0.06027970203191558,
                0.37580356750466687,
                0.060432163708534256,
                0.01982250679459339,
                0.10927871459862822,
                0.12534122792977853,
                0.005101064975850683
            ],
            "fit": [
                0.10754682020985847,
                0.19432991562542748,
                1.4250954929895818e-08
            ],
            "unc": [
                [
                    0.00018184387741778724,
                    -1.468027050493013e-07,
                    2.1263606613310222e-11
                ],
                [
                    -1.468027050493013e-07,
                    1.5821515468586526e-10,
                    -2.572364477675435e-14
                ],
                [
                    2.1263606613310222e-11,
                    -2.572364477675435e-14,
                    4.752479931155966e-18
                ]
            ]
        },
        "rescal": {
            "channel": [
                409.06508146854463,
                825.9728658180287,
                1148.160632171957,
                1421.8505634186656,
                1557.9640534225991,
                1831.4874760420767,
                1974.682005040669,
                626.0483075855306,
                1258.4743000655933,
                1522.0032829094148,
                1693.8356616946821,
                1770.8199160909307,
                1891.677196857803,
                2114.4352923594643,
                2283.597546175987,
                2513.781825685271,
                2901.543753993847,
                3015.1786005123317,
                3490.771674584456,
                3542.484651386216,
                3701.406664218565,
                4006.2398453687792,
                4169.466042622376,
                4461.286249267915,
                4728.294264530863,
                4764.657097236104,
                4958.358466448652,
                5169.076222818933,
                5584.831098342743,
                5605.122750997333,
                5719.602533100979,
                6238.487690867292,
                6430.805558283655,
                6681.810832702231,
                7241.530817328473,
                7497.017499783865,
                7862.218796287123,
                3403.190451971617
            ],