{
    "engcal": [
        0.028930543368094752,
        0.18268938012112582,
        1.3191409053566743e-08
    ],
    "effcal": [
        0.0026830842795765378,
        4.956735761549928,
        1.6313417509240986,
        1.150538932922062,
        1.406670333621902
    ],
    "unc_effcal": [
        [
            9.114966981345854e-08,
            0.0054923124187540185,
            0.0003821442046086611,
            -4.9610202861084275e-05,
            -0.00014920983607963906
        ],
        [
            0.0054923124187540185,
            1722.0952166595507,
            118.56666341708005,
            -26.721512863583005,
            -15.375682991359108
        ],
        [
            0.0003821442046086611,
            118.56666341708004,
            8.165078437848338,
            -1.8359526052026638,
            -1.06585201795109
        ],
        [
            -4.961020286108427e-05,
            -26.721512863583005,
            -1.8359526052026636,
            0.43576153939389034,
            0.18542076922562417
        ],
        [
            -0.00014920983607963906,
            -15.375682991359108,
            -1.06585201795109,
            0.1854207692256242,
            0.2798010222076045
        ]
    ],
    "rescal": [
        2.603332425428069,
        0.0003761299300635934
    ],
    "_calib_data": {
        "engcal": {
            "channel": [
                434.1276187328365,
                442.4321629427674,
                878.9537743942482,
                1221.9788335078842,
                1513.0641782679277,
                1657.668021709404,
                1948.4327313758083,
                2100.652975612956,
                665.8694574571538,
                1339.4127744140978,
                1618.5036797568528,
                1884.233121047151,
                2012.6778523850166,
                2249.6831742370427,
                2429.248742426283,
                2673.5279034547443,
                3086.170515300416,
                3207.59609679266,
                3712.9427384357455,
                3767.537109536625,
                4261.152698036927,
                4433.467963601048,
                4745.177002643561,
                5030.194701917617,
                5068.218385327354,
                5274.403504682957,
                5499.212282526199,
                5940.914798387015,
                5962.682084623355,
                6084.308059273898,
                6636.277518991459,
                7108.080816850218,
                7703.728787861377,
                7982.784999999999,
                8361.48024695057,
                3619.846749122681
            ],
            "energy": [
                79.6142,
                80.9979,
                160.612,
                223.2368,
                276.3989,
                302.8508,
                356.0129,
                383.8485,
                121.7817,
                244.6974,
                295.9387,
                344.2785,
                367.7891,
                411.1165,
                443.9606,
                488.6792,
                563.986,
                586.2648,
                678.623,
                688.67,
                778.9045,
                810.451,
                867.38,
                919.337,
                926.31,
                964.057,
                1005.27,
                1085.837,
                1089.737,
                1112.076,
                1212.948,
                1299.142,
                1408.013,
                1457.643,
                1528.1,
                661.657
            ],
            "unc_channel": [
                0.21224556493265306,
                0.022245405076051283,
                0.04738588335748229,
                0.08544422072694532,
                0.010857524946742442,
                0.006558166507601516,
                0.007508115132875501,
                0.01124417305582851,
                0.006807182192855523,
                0.007937780757056201,
                0.058331428062091406,
                0.005096054984561053,
                0.04137044595903525,
                0.020812090953998493,
                0.0172031742356216,
                0.09543250923065613,
                0.10842680810632346,
                0.20491574127338533,
                0.12488687251495564,
                0.09133321378479727,
                0.014525079191657844,
                0.18028364787176024,
                0.031145834661595553,
                0.15895712363545023,
                0.2910608886352227,
                0.018859808058632504,
                0.1131629429782805,
                0.02337237676015421,
                0.06993602001223999,
                0.02321664585219067,
                0.07047555591847815,
                0.07223340795828707,
                0.021876636758085724,
                0.6428331042653288,
                0.20473719993275555,
                0.015238851241424572
            ],
            "fit": [
                0.028930543368094752,
                0.18268938012112582,
                1.3191409053566743e-08
            ],
            "unc": [
                [
                    0.0020418670435172607,
                    -1.4457141414923505e-06,
                    1.7941953014202028e-10
                ],
                [
                    -1.4457141414923505e-06,
                    1.145894477730882e-09,
                    -1.502818424256244e-13
                ],
                [
                    1.7941953014202028e-10,
                    -1.502818424256244e-13,
                    2.1480411962499517e-17
                ]
            ]
        },
        "rescal": {
            "channel": [
                434.1276187328365,
                442.4321629427674,
                878.9537743942482,
                1221.9788335078842,
                1513.0641782679277,
                1657.668021709404,
                1948.4327313758083,
                2100.652975612956,
                665.8694574571538,
                1339.4127744140978,
                2012.6778523850166,
                2249.6831742370427,
                2429.248742426283,
                2673.5279034547443,
                3086.170515300416,
                3207.59609679266,
                3712.9427384357455,
                3767.537109536625,
                4261.152698036927,
                4433.467963601048,
                4745.177002643561,
                5030.194701917617,
                5068.218385327354,
                5274.403504682957,
                5499.212282526199,
                5940.914798387015,
                5962.682084623355,
                6084.308059273898,
                6636.277518991459,
                7108.080816850218,
                7703.728787861377,
                7982.784999999999,
                8361.48024695057,
                3619.846749122681
            ],