{
    "engcal": [
        0.0792553869151675,
        0.19434139843417256,
        1.6382922861025958e-08
    ],
    "effcal": [
        0.002225405187567342,
        99.99408541113974,
        1.7573569542469385,
        1.7907068831259565,
        0.6918225238579193
    ],
    "unc_effcal": [
        [
            1.7720520854759595e-08,
            4.26743047104413e-20,
            1.1026923717814584e-05,
            2.8760209426672828e-05,
            -1.8331479384917024e-05
        ],
        [
            4.26743047104413e-20,
            1.1513663911371425e-31,
            3.1562150932827123e-17,
            7.79013206873971e-17,
            -4.733969129712697e-17
        ],
        [
            1.1026923717814584e-05,
            3.156215093282713e-17,
            0.009360681438436593,
            0.021286126960371386,
            -0.012551086226357958
        ],
        [
            2.8760209426672828e-05,
            7.79013206873971e-17,
            0.021286126960371386,
            0.05274244671055693,
            -0.032011763167594395
        ],
        [
            -1.8331479384917024e-05,
            -4.733969129712697e-17,
            -0.012551086226357958,
            -0.03201176316759439,
            0.019847945168296837
        ]
    ],
    "rescal": [
        1.8456747898237156,
        0.000412227291669262
    ],
    "_calib_data": {
        "engcal": {
            "channel": [
                409.30592004578244,
                416.27552259674496,
                826.054607336315,
                1148.265228362265,
                1421.9341378810147,
                1558.0264875451467,
                1831.4999939831143,
                1974.7026800309038,
                3403.3587997707436,
                626.1044936955896,
                1258.5553628530047,
                1521.7223332478595,
                1770.7754511182711,
                1891.6039181670587,
                2114.4798065582427,
                2283.430317939677,
                2513.1661279792747,
                2901.0063801471006,
                3014.848347248438,
                3490.183357450181,
                3541.9499811115734,
                4005.8799499464235,
                4168.007775616221,
                4460.846278427258,
                4728.310449390184,
                4763.411994374091,
                4957.8731408677695,
                5169.743531077181,
                5584.221626286934,
                5604.2498380110355,
                5718.965603492171,
                6237.86080634846,
                6681.202963450869,
                7240.79785172279,
                7500.495799999999,
                7858.244366177221
            ],
            "energy": [
                79.6142,
                80.9979,
                160.612,
                223.2368,
                276.3989,
                302.8508,
                356.0129,
                383.8485,
                661.657,
                121.7817,
                244.6974,
                295.9387,
                344.2785,
                367.7891,
                411.1165,
                443.9606,
                488.6792,
                563.986,
                586.2648,
                678.623,
                688.67,
                778.9045,
                810.451,
                867.38,
                919.337,
                926.31,
                964.057,
                1005.27,
                1085.837,
                1089.737,
                1112.076,
                1212.948,
                1299.142,
                1408.013,
                1457.643,
                1528.1
            ],
            "unc_channel": [
                0.3323212718306614,
                0.02583137706592518,
                0.04033722642954828,
                0.05919503394673192,
                0.009750327965141262,
                0.006516222161662095,
                0.006761052312749093,
                0.014710704911503593,
                0.01127514193093918,
                0.0037185869067431956,
                0.007263014449792788,
                0.05257250128499463,
                0.0035502388396249215,
                0.03454195259434015,
                0.013224235880091917,
                0.013790614719862461,
                0.09950348650619896,
                0.07238404318721944,
                0.12591314068123222,
                0.0969231955699442,
                0.041639181086111775,
                0.01009641259291183,
                0.12433311335448514,
                0.019095741021582985,
                0.10505719548741352,
                0.1592870283548713,
                0.011487524486480851,
                0.08244421292861809,
                0.016171544587069254,
                0.048060324257688275,
                0.018411150877715055,
                0.04866981143604203,
                0.052148561726430176,
                0.01948552777252305,
                0.4478297213052563,
                0.12454097317395188
            ],
            "fit": [
                0.0792553869151675,
                0.19434139843417256,
                1.6382922861025958e-08
            ],
            "unc": [
                [
                    0.0003535213029206562,
                    -2.7805720413434764e-07,
                    3.8561280026294834e-11
                ],
                [
                    -2.7805720413434764e-07,
                    2.571765989874321e-10,
                    -3.82558018196931e-14
                ],
                [
                    3.8561280026294834e-11,
                    -3.82558018196931e-14,
                    6.2434602881947234e-18
                ]
            ]
        },
        "rescal": {
            "channel": [
                409.30592004578244,
                416.27552259674496,
                826.054607336315,
                1148.265228362265,
                1421.9341378810147,
                1558.0264875451467,
                1831.4999939831143,
                1974.7026800309038,
                3403.3587997707436,
                626.1044936955896,
                1258.5553628530047,
                1521.7223332478595,
                1770.7754511182711,
                1891.6039181670587,
                2114.4798065582427,
                2283.430317939677,
                2513.1661279792747,
                2901.0063801471006,
                3014.848347248438,
                3490.183357450181,
                3541.9499811115734,
                4005.8799499464235,
                4168.007775616221,
                4460.846278427258,
                4728.310449390184,
                4763.411994374091,
                4957.8731408677695,
                5169.743531077181,
                5584.221626286934,
                5604.2498380110355,
                5718.965603492171,
                6237.86080634846,
                6681.202963450869,
                7240.79785172279,
                7500.495799999999,
                7858.244366177221
            ],