{
    "engcal": [
        0.12806245451383952,
        0.19423684515025497,
        4.075615868217366e-08
    ],
    "effcal": [
        0.001953182814208128,
        1.3202989616777374,
        1.672697391661605,
        2.628565211144569,
        1.3061751177140715
    ],
    "unc_effcal": [
        [
            0.0001847640397774159,
            0.7724839168125839,
            0.11048629245133093,
            -0.03418918001948196,
            -0.7185502423334037
        ],
        [
            0.772483916812584,
            3230.080987350467,
            461.87499249394784,
            -143.06292873507545,
            -3004.4475069995806
        ],
        [
            0.11048629245133094,
            461.87499249394784,
            66.2095501974101,
            -20.34674134865814,
            -429.6847586723992
        ],
        [
            -0.034189180019481964,
            -143.06292873507545,
            -20.346741348658142,
            6.420916076859407,
            133.0120409017071
        ],
        [
            -0.7185502423334038,
            -3004.44750699958,
            -429.6847586723992,
            133.0120409017071,
            2794.6220804276845
        ]
    ],
    "rescal": [
        1.8111935413802918,
        0.00041734755706508247
    ],
    "_calib_data": {
        "engcal": {
            "channel": [
                409.30592004578244,
                416.27552259674496,
                826.054607336315,
                1148.265228362265,
                1421.9341378810147,
                1558.0264875451467,
                1831.4999939831143,
                1974.7026800309038,
                3403.3587997707436
            ],
            "energy": [
                79.6142,
                80.9979,
                160.612,
                223.2368,
                276.3989,
                302.8508,
                356.0129,
                383.8485,
                661.657
            ],
            "unc_channel": [
                0.3323212718306614,
                0.02583137706592518,
                0.04033722642954828,
                0.05919503394673192,
                0.009750327965141262,
                0.006516222161662095,
                0.006761052312749093,
                0.014710704911503593,
                0.01127514193093918
            ],
            "fit": [
                0.12806245451383952,
                0.19423684515025497,
                4.075615868217366e-08
            ],
            "unc": [
                [
                    0.00013346361746822375,
                    -1.2329701946866927e-07,
                    2.511844495576724e-11
                ],
                [
                    -1.2329701946866927e-07,
                    1.1791830625129053e-10,
                    -2.475496850201605e-14
                ],
                [
                    2.511844495576724e-11,
                    -2.475496850201605e-14,
                    5.4039205444256165e-18
                ]
            ]
        },
        "rescal": {
            "channel": [
                409.30592004578244,
                416.27552259674496,
                826.054607336315,
                1148.265228362265,
                1421.9341378810147,
                1558.0264875451467,
                1831.4999939831143,
                1974.7026800309038,
                3403.3587997707436
            ],
            "width": [
                3.2453999999995693,
                1.8989838945245094,
                1.9307834935819697,
                1.9254634827502468,
                2.3960868023202573,
                2.4758764210425346,
                2.5789119211059304,
                2.657533895684643,
                3.2126928003899184
            ],
            "unc_width": [
                0.9024114476354992,
                0.06641819739503965,
                0.12888717979895642,
                0.18940084986412695,
                0.027210186984399604,
                0.017104190670566576,
                0.01645817406775048,
                0.03653033857633708,
                0.027394975383084892
            ],
            "fit": [
                1.8111935413802918,
                0.00041734755706508247
            ],
            "unc": [
                [
                    0.0015462299434698043,
                    -7.456593741475932e-07
                ],
                [
                    -7.456593741475932e-07,
                    4.00848093171406e-10
                ]
            ]
        },
        "effcal": {
            "energy": [
                79.6142,
                80.9979,
                160.612,
                223.2368,
                276.3989,
                302.8508,
                356.0129,
                383.8485,
                661.657
            ],
            "efficiency": [
                0.003026499868591175,
                0.001847539123635438,
                0.001776573594352641,
                0.0013702610621110691,
                0.0011903721893803895,
                0.0011471318781842315,
                0.001007776968698182,
                0.0009663536546893686,
                0.0006174061308686001
            ],
            "unc_efficiency": [
                0.0008210074904229223,
                7.905066988098964e-05,
                0.0001030593077889508,
                0.00011597904453566359,
                1.65464906854697e-05,
                1.2411869008088384e-05,
                5.109172349989012e-05,
                1.781829171289545e-05,
                7.184230635628964e-06
            ],
            "fit": [
                0.001953182814208128,
                1.3202989616777374,
                1.672697391661605,
                2.628565211144569,
                1.3061751177140715
            ],
            "unc": [
                [
                    0.0001847640397774159,
                    0.7724839168125839,
                    0.11048629245133093,
                    -0.03418918001948196,
                    -0.7185502423334037
                ],
                [
                    0.772483916812584,
                    3230.080987350467,
                    461.87499249394784,
                    -143.06292873507545,
                    -3004.4475069995806
                ],
                [
                    0.11048629245133094,
                    461.87499249394784,
                    66.2095501974101,
                    -20.34674134865814,
                    -429.6847586723992
                ],
                [
                    -0.034189180019481964,
                    -143.06292873507545,
                    -20.346741348658142,
                    6.420916076859407,
                    133.0120409017071
                ],
                [
                    -0.7185502423334038,
                    -3004.44750699958,
                    -429.6847586723992,
                    133.0120409017071,
                    2794.6220804276845
                ]
            ]
        }
    }
}