{
    "engcal": [
        -0.22434072571760197,
        0.026775922779019964,
        -5.815376110162078e-10
    ],
    "effcal": [
        0.002668098335379094,
        0.02403851957729137,
        5.999999999999999,
        1.3972788844998532,
        5.999999999975443
    ],
    "unc_effcal": [
        [
            0.07756534581138215,
            -0.7921914360896417,
            -0.9175432171461707,
            -0.016282817909389423,
            23.32861884636389
        ],
        [
            -0.7921914360896417,
            8.091019277912505,
            9.3783559255444,
            0.16732208970223847,
            -238.32843054886888
        ],
        [
            -0.9175432171461707,
            9.3783559255444,
            14.875342910052115,
            0.41402734091095245,
            -279.0688045762941
        ],
        [
            -0.016282817909389423,
            0.16732208970223847,
            0.41402734091095245,
            0.023266649504477245,
            -5.350210550208661
        ],
        [
            23.328618846363888,
            -238.3284305488689,
            -279.0688045762941,
            -5.35021055020866,
            7041.318777556651
        ]
    ],
    "rescal": [
        3.046640890006501,
        0.0005896081351079343
    ],
    "_calib_data": {
        "engcal": {
            "channel": [
                2981.5425719561013,
                3034.49825691207,
                6008.247987366644,
                8346.25707759807,
                10332.794800000001,
                11322.200800000002,
                13309.008000000002,
                14350.382800000001,
                3296.041090804847
            ],
            "energy": [
                79.6142,
                80.9979,
                160.612,
                223.2368,
                276.3989,
                302.8508,
                356.0129,
                383.8485,
                88.0336
            ],
            "unc_channel": [
                0.14303066280832585,
                0.21083655898628126,
                0.20160763146710012,
                0.35439379934976073,
                0.2176266538133267,
                0.2990286607936111,
                0.7569549111399952,
                1.2089377837870974,
                0.21025733458382384
            ],
            "fit": [
                -0.22434072571760197,
                0.026775922779019964,
                -5.815376110162078e-10
            ],
            "unc": [
                [
                    0.0012965561713809805,
                    -4.60906069926745e-07,
                    3.151732132333951e-11
                ],
                [
                    -4.60906069926745e-07,
                    1.7440699151470574e-10,
                    -1.2253338268591847e-14
                ],
                [
                    3.151732132333951e-11,
                    -1.2253338268591847e-14,
                    8.82445023602108e-19
                ]
            ]
        },
        "rescal": {
            "channel": [
                2981.5425719561013,
                3034.49825691207,
                6008.247987366644,
                8346.25707759807,
                10332.794800000001,
                11322.200800000002,
                13309.008000000002,
                14350.382800000001,
                3296.041090804847
            ],
            "width": [
                4.7886,
                4.819799999999999,
                6.6066,
                8.012399999999998,
                9.205199999999998,
                9.799199999999818,
                10.991528594219417,
                9.835165287237754,
                4.977599999999999
            ],
            "unc_width": [
                0.4544810630248021,
                0.6631887638794681,
                0.6391045689243781,
                1.1550524778705302,
                0.6448262173446656,
                0.8092003616548497,
                1.6210050289135796,
                2.5903210015730016,
                0.6754682700556913
            ],
            "fit": [
                3.046640890006501,
                0.0005896081351079343
            ],
            "unc": [
                [
                    0.014373313957381622,
                    -1.8241704270061452e-06
                ],
                [
                    -1.8241704270061452e-06,
                    3.130360144663223e-10
                ]
            ]
        },
        "effcal": {
            "energy": [
                79.6142,
                80.9979,
                160.612,
                223.2368,
                276.3989,
                302.8508,
                356.0129,
                88.0336
            ],
            "efficiency": [
                0.000424082707634807,
                0.0005979340296832757,
                0.00024472565094478706,
                0.00016537770703759188,
                9.54206060002623e-05,
                6.71692354344893e-05,
                2.587809725782954e-05,
                0.0006166903545827215
            ],
            "unc_efficiency": [
                3.547991641164274e-05,
                7.152496537587474e-05,
                2.0412047285346486e-05,
                2.010594425930333e-05,
                6.19508955209179e-06,
                5.511929583009799e-06,
                4.8103795196733044e-06,
                7.129947165366881e-05
            ],
            "fit": [
                0.002668098335379094,
                0.02403851957729137,
                5.999999999999999,
                1.3972788844998532,
                5.999999999975443
            ],
            "unc": [
                [
                    0.07756534581138215,
                    -0.7921914360896417,
                    -0.9175432171461707,
                    -0.016282817909389423,
                    23.32861884636389
                ],
                [
                    -0.7921914360896417,
                    8.091019277912505,
                    9.3783559255444,
                    0.16732208970223847,
                    -238.32843054886888
                ],
                [
                    -0.9175432171461707,
                    9.3783559255444,
                    14.875342910052115,
                    0.41402734091095245,
                    -279.0688045762941
                ],
                [
                    -0.016282817909389423,
                    0.16732208970223847,
                    0.41402734091095245,
                    0.023266649504477245,
                    -5.350210550208661
                ],
                [
                    23.328618846363888,
                    -238.3284305488689,
                    -279.0688045762941,
                    -5.35021055020866,
                    7041.318777556651
                ]
            ]
        }
    }
}