{
    "engcal": [
        0.09039921233360237,
        0.19436192694045956,
        1.2926679078267604e-08
    ],
    "effcal": [
        0.0007590294987470228,
        80.68745417303187,
        1.6726489570679965,
        1.5775475625221071,
        0.8792143888727629
    ],
    "unc_effcal": [
        [
            5.732071588047851e-09,
            1614.1945576459905,
            6.104961106658584e-06,
            2.0512907756868645e-05,
            -2.018094163757476e-05
        ],
        [
            1614.1945576459907,
            9481846589072216.0,
            4770903.95740318,
            9142988.004876016,
            -7299900.394149057
        ],
        [
            6.104961106658584e-06,
            4770903.95740318,
            0.011546530962064502,
            0.030261172239840466,
            -0.02584292124978493
        ],
        [
            2.0512907756868645e-05,
            9142988.004876014,
            0.030261172239840466,
            0.09104910035937604,
            -0.08195478311449184
        ],
        [
            -2.018094163757476e-05,
            -7299900.394149056,
            -0.025842921249784934,
            -0.08195478311449185,
            0.07655908970576467
        ]
    ],
    "rescal": [
        1.8217585296235557,
        0.00040956406423955325
    ],
    "_calib_data": {
        "engcal": {
            "channel": [
                408.9009196856191,
                416.14001034016724,
                825.6427806985591,
                1147.95912149028,
                1421.4227720343417,
                1557.4500765404139,
                1830.828132263329,
                1973.943883758843,
                626.1480601739853,
                1258.6001635187552,
                1520.9818875426345,
                1770.7546017554128,
                1891.7280122424038,
                2114.5039946544225,
                2283.5727777355933,
                2513.5568366388957,
                2901.0369828392813,
                3015.3274203904407,
                3489.860992030979,
                3541.4124867511878,
                4005.7523140014214,
                4460.732430426753,
                4728.390742143857,
                4957.727951079549,
                5169.352561426675,
                5584.007969865177,
                5604.408502108062,
                5718.872882234039,
                6237.734527970168,
                6680.587154566738,
                7240.515660674854,
                7500.495799999999,
                7858.417159380706,
                3403.4822497739506
            ],
            "energy": [
                79.6142,
                80.9979,
                160.612,
                223.2368,
                276.3989,
                302.8508,
                356.0129,
                383.8485,
                121.7817,
                244.6974,
                295.9387,
                344.2785,
                367.7891,
                411.1165,
                443.9606,
                488.6792,
                563.986,
                586.2648,
                678.623,
                688.67,
                778.9045,
                867.38,
                919.337,
                964.057,
                1005.27,
                1085.837,
                1089.737,
                1112.076,
                1212.948,
                1299.142,
                1408.013,
                1457.643,
                1528.1,
                661.657
            ],
            "unc_channel": [
                0.1977931720998891,
                0.020841779080367755,
                0.047605670135449044,
                0.05400977076454037,
                0.010837632329525634,
                0.005580129797594109,
                0.008370308358669865,
                0.009007941959837371,
                0.010205616357529895,
                0.010106839977308673,
                0.06142965895374588,
                0.0044003424467339925,
                0.0459621663200861,
                0.021506367088488784,
                0.020032717145026562,
                0.09352118802607075,
                0.10307397127479823,
                0.214185461850479,
                0.1174319471431814,
                0.06772954999577932,
                0.012336660016297506,
                0.027739641435940515,
                0.14273143864030718,
                0.016586520201961975,
                0.09158804147321559,
                0.016951378549970662,
                0.048012883324419844,
                0.02449065681532812,
                0.07104032056390959,
                0.07078646817845402,
                0.019157400201352297,
                0.7472646622589492,
                0.1456353271060579,
                0.010025514175304003
            ],
            "fit": [
                0.09039921233360237,
                0.19436192694045956,
                1.2926679078267604e-08
            ],
            "unc": [
                [
                    0.0007456992968369877,
                    -5.304306775893006e-07,
                    6.892245955853975e-11
                ],
                [
                    -5.304306775893006e-07,
                    4.1148389177373504e-10,
                    -5.593357707525191e-14
                ],
                [
                    6.892245955853975e-11,
                    -5.593357707525191e-14,
                    8.124772134730582e-18
                ]
            ]
        },
        "rescal": {
            "channel": [
                408.9009196856191,
                416.14001034016724,
                825.6427806985591,
                1147.95912149028,
                1421.4227720343417,
                1557.4500765404139,
                1830.828132263329,
                1973.943883758843,
                626.1480601739853,
                1258.6001635187552,
                1770.7546017554128,
                1891.7280122424038,
                2114.5039946544225,
                2283.5727777355933,
                2513.5568366388957,
                2901.0369828392813,
                3015.3274203904407,
                3489.860992030979,
                3541.4124867511878,
                4005.7523140014214,
                4460.732430426753,
                4728.390742143857,
                4957.727951079549,
                5169.352561426675,
                5584.007969865177,
                5604.408502108062,
                5718.872882234039,
                6237.734527970168,
                6680.587154566738,
                7240.515660674854,
                7500.495799999999,
                7858.417159380706,
                3403.4822497739506
            ],
            "width": [
                3.2453999999999317,
                1.9093823218098427,
                2.288689476497912,
                2.0349832719007446,
                2.4499083628316747,
                2.4671071633216664,
                2.5787511242580057,
                2.624291869569798,
                2.0694860537261714,
                2.3109853009378916,
                2.546812762056885,
                2.8011492036870065,
                2.698111491513948,
                2.761206814607888,
                3.26886821784725,
                3.8876692382311315,
                3.2079016176394406,
                3.2846215216291403,
                3.0949690498897353,
                3.497530557100097,
                3.7464983400508896,
                3.572976773917058,
                3.839499502780548,
                3.956096891655966,
                4.099192121638039,
                3.824972021741771,
                4.204212607300635,
                4.1315505017854015,
                4.517738942911388,
                4.826353235132074,
                7.495799999999843,
                4.7873811729364855,
                3.156426044580115
            ],