{
    "engcal": [
        0.09050727447377013,
        0.19432738769770533,
        1.4221431464611111e-08
    ],
    "effcal": [
        0.00712945600351202,
        80.54563904368389,
        1.8425509362063193,
        1.779054188098047,
        0.5942605667396527
    ],
    "unc_effcal": [
        [
            5.178613814836838e-08,
            4853.1603510153145,
            1.456932763314294e-05,
            3.1118527179451435e-05,
            -1.6686307662389582e-05
        ],
        [
            4853.160351015314,
            5286742074248026.0,
            3940225.2239798503,
            4951833.472235653,
            -2163348.8683142527
        ],
        [
            1.4569327633142944e-05,
            3940225.2239798508,
            0.008410394544117648,
            0.013799959185467456,
            -0.006244932284549633
        ],
        [
            3.111852717945144e-05,
            4951833.472235653,
            0.013799959185467456,
            0.026304769792182187,
            -0.01256767402329422
        ],
        [
            -1.6686307662389586e-05,
            -2163348.8683142527,
            -0.006244932284549632,
            -0.012567674023294222,
            0.006262353999425718
        ]
    ],
    "rescal": [
        1.8439053610988532,
        0.000422320930096479
    ],
    "_calib_data": {
        "engcal": {
            "channel": [
                409.06720588785964,
                416.2235070832526,
                826.1744611570391,
                1148.4589618644259,
                1421.9442761008436,
                1558.0288128673783,
                1831.5457757395327,
                1974.7310115119808,
                626.1338424110085,
                1258.6113456584471,
                1522.486448294154,
                1693.971757602938,
                1770.9369653555686,
                1891.6714213921866,
                2114.7735891671286,
                2139.723243893861,
                2283.6922186427933,
                2513.721373134178,
                2589.347750903981,
                2901.2477820243153,
                3015.5230509675057,
                3469.9286913509304,
                3490.822162556225,
                3542.5257100239824,
                3699.855369286763,
                3934.4876233556993,
                4006.4320227496514,
                4168.561480550749,
                4461.351306943175,
                4728.829542864984,
                4764.306019208472,
                4958.51700923485,
                5169.530753636385,
                5584.856342508063,
                5604.912740951066,
                5719.749804013654,
                6238.37003351629,
                6428.078217482829,
                6681.7191878206395,
                7241.663296053808,
                7497.074063211299,
                7861.0974983108035,
                3403.243822927688
            ],
            "energy": [
                79.6142,
                80.9979,
                160.612,
                223.2368,
                276.3989,
                302.8508,
                356.0129,
                383.8485,
                121.7817,
                244.6974,
                295.9387,
                329.41,
                344.2785,
                367.7891,
                411.1165,
                416.02,
                443.9606,
                488.6792,
                503.467,
                563.986,
                586.2648,
                674.64,
                678.623,
                688.67,
                719.346,
                764.88,
                778.9045,
                810.451,
                867.38,
                919.337,
                926.31,
                964.057,
                1005.27,
                1085.837,
                1089.737,
                1112.076,
                1212.948,
                1249.94,
                1299.142,
                1408.013,
                1457.643,
                1528.1,
                661.657
            ],
            "unc_channel": [
                0.03741712208557203,
                0.005906957187460317,
                0.05311012365689899,
                0.04950049987109178,
                0.008812411169569972,
                0.006572414920794042,
                0.005048219591981482,
                0.024546774457942937,
                0.0032528357182112196,
                0.004665201822668394,
                0.027643573563506194,
                0.1316615660392565,
                0.002689707658766351,
                0.024634756355584816,
                0.012079432373044126,
                0.13008390151677937,
                0.009407606078020728,
                0.04946706507870837,
                0.12999743665649435,
                0.07662482085715062,
                0.04872156725716652,
                0.16394757172529376,
                0.07120933826520984,
                0.04009266383477061,
                0.1325783556809551,
                0.1739387841324234,
                0.008977909286660724,
                0.09810066143269514,
                0.018244685202982402,
                0.09439641653340024,
                0.1370842261231381,
                0.01082354106809465,
                0.06442650489455541,
                0.0129697406691677,
                0.03509883106009561,
                0.01820364374977286,
                0.03890701386684059,
                0.21856401088146243,
                0.05674308736521796,
                0.014804533929277148,
                0.09245155573015783,
                0.09734018610749133,
                0.009748610333968106
            ],
            "fit": [
                0.09050727447377013,
                0.19432738769770533,
                1.4221431464611111e-08
            ],
            "unc": [
                [
                    0.00014150202852429876,
                    -1.1198110101249336e-07,
                    1.5306102308604348e-11
                ],
                [
                    -1.1198110101249336e-07,
                    1.0569699698687971e-10,
                    -1.5609481080432638e-14
                ],
                [
                    1.5306102308604348e-11,
                    -1.5609481080432638e-14,
                    2.5754812575475405e-18
                ]
            ]
        },
        "rescal": {
            "channel": [
                409.06720588785964,
                416.2235070832526,
                826.1744611570391,
                1148.4589618644259,
                1421.9442761008436,
                1558.0288128673783,
                1831.5457757395327,
                1974.7310115119808,
                626.1338424110085,
                1258.6113456584471,
                1522.486448294154,
                1693.971757602938,
                1770.9369653555686,
                1891.6714213921866,
                2114.7735891671286,
                2139.723243893861,
                2283.6922186427933,
                2513.721373134178,
                2589.347750903981,
                2901.2477820243153,
                3015.5230509675057,
                3469.9286913509304,
                3490.822162556225,
                3542.5257100239824,
                3699.855369286763,
                3934.4876233556993,
                4006.4320227496514,
                4168.561480550749,
                4461.351306943175,
                4728.829542864984,
                4764.306019208472,
                4958.51700923485,
                5169.530753636385,
                5584.856342508063,
                5604.912740951066,
                5719.749804013654,
                6238.37003351629,
                6428.078217482829,
                6681.7191878206395,
                7241.663296053808,
                7497.074063211299,
                7861.0974983108035,
                3403.243822927688
            ],