{
    "engcal": [
        0.054598770714443266,
        0.1943436753630719,
        1.9282084222621716e-08
    ],
    "effcal": [
        0.0012117384551255715,
        85.36009456978174,
        1.7081197436027817,
        1.678183780571902,
        0.7900409136804939
    ],
    "unc_effcal": [
        [
            1.0911809401447438e-08,
            2243.657464316565,
            8.986107590022474e-06,
            2.7366258987247025e-05,
            -2.2185104543946378e-05
        ],
        [
            2243.657464316565,
            1.4296336677492922e+17,
            4385378.610894739,
            7659379.049177406,
            -5351521.564675392
        ],
        [
            8.986107590022473e-06,
            4385378.61089474,
            0.010917657567623707,
            0.0280056165488622,
            -0.020587149845029927
        ],
        [
            2.736625898724702e-05,
            7659379.049177407,
            0.028005616548862196,
            0.07954843482782553,
            -0.06065596265367543
        ],
        [
            -2.2185104543946374e-05,
            -5351521.564675393,
            -0.020587149845029927,
            -0.06065596265367543,
            0.04749584854440953
        ]
    ],
    "rescal": [
        1.8123673052692286,
        0.0004192390395069298
    ],
    "_calib_data": {
        "engcal": {
            "channel": [
                408.4747607284228,
                416.31257430004797,
                826.1916136064208,
                1148.1093818654995,
                1422.065117090645,
                1558.1606297206886,
                1831.6800221228775,
                1974.8462385114296,
                3403.4196529503597,
                626.0416374304107,
                1258.4450654870948,
                1521.1595771582863,
                1770.6004585856028,
                1891.458826815686,
                2114.409474878999,
                2283.1101000638055,
                2513.4307721864566,
                2900.398208378559,
                3015.060238008384,
                3490.212586879206,
                3541.565037574471,
                4005.4953541414075,
                4167.023479357291,
                4460.550599996298,
                4727.453353338499,
                4957.503277159804,
                5168.469342710419,
                5583.739429962891,
                5603.963227558164,
                5718.565971444785,
                6237.169225444339,
                6680.822523664685,
                7240.163622837498,
                7500.495799999999,
                7858.663476776462
            ],
            "energy": [
                79.6142,
                80.9979,
                160.612,
                223.2368,
                276.3989,
                302.8508,
                356.0129,
                383.8485,
                661.657,
                121.7817,
                244.6974,
                295.9387,
                344.2785,
                367.7891,
                411.1165,
                443.9606,
                488.6792,
                563.986,
                586.2648,
                678.623,
                688.67,
                778.9045,
                810.451,
                867.38,
                919.337,
                964.057,
                1005.27,
                1085.837,
                1089.737,
                1112.076,
                1212.948,
                1299.142,
                1408.013,
                1457.643,
                1528.1
            ],
            "unc_channel": [
                0.20684109481360027,
                0.023494636187437783,
                0.04324121850182582,
                0.06793006051941301,
                0.008766325030186066,
                0.005077215138167576,
                0.007808894552598643,
                0.010887960046132189,
                0.010449626339273049,
                0.006323035802529648,
                0.008479137337546936,
                0.04992397173632697,
                0.005008411356222399,
                0.03488763589449857,
                0.018998885969508578,
                0.016027725547090806,
                0.08700096105943136,
                0.09706233878545628,
                0.131989039144009,
                0.10774837237043508,
                0.053953709076911334,
                0.011152381854899723,
                0.138742018867538,
                0.022384677628854228,
                0.12448739628652418,
                0.014592908507148783,
                0.08866951482187294,
                0.016924523563384884,
                0.047844946703854245,
                0.01726131418632699,
                0.051518592999424836,
                0.06816419795610654,
                0.02027769154963094,
                0.4998751443618138,
                0.16442418936970402
            ],
            "fit": [
                0.054598770714443266,
                0.1943436753630719,
                1.9282084222621716e-08
            ],
            "unc": [
                [
                    0.0018254162857281743,
                    -1.3580726522964002e-06,
                    1.826049451105037e-10
                ],
                [
                    -1.3580726522964002e-06,
                    1.1366898728138428e-09,
                    -1.6142080729074663e-13
                ],
                [
                    1.826049451105037e-10,
                    -1.6142080729074663e-13,
                    2.4652132774157692e-17
                ]
            ]
        },
        "rescal": {
            "channel": [
                408.4747607284228,
                416.31257430004797,
                826.1916136064208,
                1148.1093818654995,
                1422.065117090645,
                1558.1606297206886,
                1831.6800221228775,
                1974.8462385114296,
                3403.4196529503597,
                626.0416374304107,
                1258.4450654870948,
                1521.1595771582863,
                1770.6004585856028,
                1891.458826815686,
                2114.409474878999,
                2283.1101000638055,
                2513.4307721864566,
                2900.398208378559,
                3015.060238008384,
                3490.212586879206,
                3541.565037574471,
                4005.4953541414075,
                4167.023479357291,
                4460.550599996298,
                4727.453353338499,
                4957.503277159804,
                5168.469342710419,
                5583.739429962891,
                5603.963227558164,
                5718.565971444785,
                6237.169225444339,
                6680.822523664685,
                7240.163622837498,
                7500.495799999999,
                7858.663476776462
            ],