{
    "engcal": [
        -0.14280882812411808,
        0.026735939903563995,
        2.374919331925512e-09
    ],
    "effcal": [
        0.001275247761867621,
        0.05574616407683041,
        5.999999999999999,
        1.3787119191583928,
        5.780082865729748
    ],
    "unc_effcal": [
        [
            0.0005735885202607961,
            -0.034018690082035674,
            -0.04554620835159835,
            -0.0014747629994263229,
            0.9416730931047214
        ],
        [
            -0.03401869008203567,
            2.01849694135795,
            2.7118284891375772,
            0.08880461542310085,
            -55.967437694049195
        ],
        [
            -0.04554620835159835,
            2.7118284891375772,
            6.091214322460842,
            0.24388853368713576,
            -76.38253332440941
        ],
        [
            -0.0014747629994263229,
            0.08880461542310086,
            0.24388853368713576,
            0.01373903385219665,
            -2.63568871917088
        ],
        [
            0.9416730931047211,
            -55.96743769404921,
            -76.3825333244094,
            -2.63568871917088,
            1562.0935054596398
        ]
    ],
    "rescal": [
        3.0474476394141226,
        0.0005895773365717385
    ],
    "_calib_data": {
        "engcal": {
            "channel": [
                2981.5425719561013,
                3034.49825691207,
                6008.247987366644,
                8346.25707759807,
                10332.794800000001,
                11322.200800000002,
                13309.008000000002,
                14350.382800000001,
                3296.041090804847,
                4571.1771060279,
                5109.690778265243
            ],
            "energy": [
                79.6142,
                80.9979,
                160.612,
                223.2368,
                276.3989,
                302.8508,
                356.0129,
                383.8485,
                88.0336,
                122.06065,
                136.47356
            ],
            "unc_channel": [
                0.14303066280832585,
                0.21083655898628126,
                0.20160763146710012,
                0.35439379934976073,
                0.2176266538133267,
                0.2990286607936111,
                0.7569549111399952,
                1.2089377837870974,
                0.21025733458382384,
                0.20990161613101052,
                0.19305239396403936
            ],
            "fit": [
                -0.14280882812411808,
                0.026735939903563995,
                2.374919331925512e-09
            ],
            "unc": [
                [
                    0.006834990162770436,
                    -2.302316255711668e-06,
                    1.5490897224609708e-10
                ],
                [
                    -2.302316255711668e-06,
                    8.19800150363378e-10,
                    -5.679161981169256e-14
                ],
                [
                    1.5490897224609708e-10,
                    -5.679161981169256e-14,
                    4.060675648823217e-18
                ]
            ]
        },
        "rescal": {
            "channel": [
                2981.5425719561013,
                3034.49825691207,
                6008.247987366644,
                8346.25707759807,
                10332.794800000001,
                11322.200800000002,
                13309.008000000002,
                14350.382800000001,
                3296.041090804847,
                4571.1771060279,
                5109.690778265243
            ],
            "width": [
                4.7886,
                4.819799999999999,
                6.6066,
                8.012399999999998,
                9.205199999999998,
                9.799199999999818,
                10.991528594219417,
                9.835165287237754,
                4.977599999999999,
                5.7414,
                6.0648
            ],
            "unc_width": [
                0.4544810630248021,
                0.6631887638794681,
                0.6391045689243781,
                1.1550524778705302,
                0.6448262173446656,
                0.8092003616548497,
                1.6210050289135796,
                2.5903210015730016,
                0.6754682700556913,
                0.6558981919204039,
                0.6021518287607858
            ],
            "fit": [
                3.0474476394141226,
                0.0005895773365717385
            ],
            "unc": [
                [
                    0.009743357249225768,
                    -1.3385348962506702e-06
                ],
                [
                    -1.3385348962506702e-06,
                    2.3880445653129586e-10
                ]
            ]
        },
        "effcal": {
            "energy": [
                79.6142,
                80.9979,
                160.612,
                223.2368,
                276.3989,
                302.8508,
                356.0129,
                88.0336,
                122.06065,
                136.47356
            ],
            "efficiency": [
                0.000424082707634807,
                0.0005979340296832757,
                0.00024472565094478706,
                0.00016537770703759188,
                9.54206060002623e-05,
                6.71692354344893e-05,
                2.587809725782954e-05,
                0.0005996962377632718,
                0.0003512512724369481,
                0.0003060287129540652
            ],
            "unc_efficiency": [
                3.547991641164274e-05,
                7.152496537587474e-05,
                2.0412047285346486e-05,
                2.010594425930333e-05,
                6.19508955209179e-06,
                5.511929583009799e-06,
                4.8103795196733044e-06,
                6.93346743425979e-05,
                3.5020579671959644e-05,
                2.6685614551902476e-05
            ],
            "fit": [
                0.001275247761867621,
                0.05574616407683041,
                5.999999999999999,
                1.3787119191583928,
                5.780082865729748
            ],
            "unc": [
                [
                    0.0005735885202607961,
                    -0.034018690082035674,
                    -0.04554620835159835,
                    -0.0014747629994263229,
                    0.9416730931047214
                ],
                [
                    -0.03401869008203567,
                    2.01849694135795,
                    2.7118284891375772,
                    0.08880461542310085,
                    -55.967437694049195
                ],
                [
                    -0.04554620835159835,
                    2.7118284891375772,
                    6.091214322460842,
                    0.24388853368713576,
                    -76.38253332440941
                ],
                [
                    -0.0014747629994263229,
                    0.08880461542310086,
                    0.24388853368713576,
                    0.01373903385219665,
                    -2.63568871917088
                ],
                [
                    0.9416730931047211,
                    -55.96743769404921,
                    -76.3825333244094,
                    -2.63568871917088,
                    1562.0935054596398
                ]
            ]
        }
    }
}