{
    "engcal": [
        0.08668798178831355,
        0.1826463883758308,
        1.9489730764962556e-08
    ],
    "effcal": [
        0.00902405363621277,
        81.27967525705716,
        1.8821405647018197,
        1.0769309139087244,
        1.609728460610329
    ],
    "unc_effcal": [
        [
            8.131136391302215e-07,
            -3972.650697418635,
            -1.6637974264275537e-06,
            6.568451168871666e-05,
            -0.00033097325558837265
        ],
        [
            -3972.650697418635,
            1.0208774166222642e+16,
            1640267.0064474086,
            476233.32212910993,
            1028775.9855871566
        ],
        [
            -1.6637974264275535e-06,
            1640267.0064474083,
            0.0011548566210006221,
            0.0007358938995593017,
            -0.00019998377546994223
        ],
        [
            6.568451168871666e-05,
            476233.32212910993,
            0.0007358938995593017,
            0.006462277859244093,
            -0.028540270224735407
        ],
        [
            -0.00033097325558837265,
            1028775.9855871566,
            -0.00019998377546994223,
            -0.028540270224735407,
            0.13815212754414433
        ]
    ],
    "rescal": [
        2.564137312312556,
        0.000381817262303268
    ],
    "_calib_data": {
        "engcal": {
            "channel": [
                434.8888687143314,
                442.5273924846331,
                878.6996350306389,
                1221.690129877222,
                1513.0522844258192,
                1657.723204060273,
                1948.5075379175082,
                2100.691217371676,
                665.8919582034823,
                1339.4380172457545,
                1619.31760862251,
                1884.2372655899337,
                2012.6513663489122,
                2249.8489792033956,
                2429.3100770403366,
                2673.801751180113,
                3086.430344886163,
                3207.251813492479,
                3712.440197640388,
                3767.364282466547,
                3935.1281663504938,
                4261.159084449596,
                4433.996039161134,
                4745.135344349019,
                5030.127194513619,
                5067.175613500953,
                5274.42529260724,
                5498.983194597249,
                5940.830237823114,
                5962.486050025519,
                6084.374501269862,
                6636.458677021995,
                6837.497049053262,
                7108.224231102708,
                7703.774079350188,
                7982.784999999999,
                8364.092533148021,
                3619.7334777197552
            ],
            "energy": [
                79.6142,
                80.9979,
                160.612,
                223.2368,
                276.3989,
                302.8508,
                356.0129,
                383.8485,
                121.7817,
                244.6974,
                295.9387,
                344.2785,
                367.7891,
                411.1165,
                443.9606,
                488.6792,
                563.986,
                586.2648,
                678.623,
                688.67,
                719.346,
                778.9045,
                810.451,
                867.38,
                919.337,
                926.31,
                964.057,
                1005.27,
                1085.837,
                1089.737,
                1112.076,
                1212.948,
                1249.94,
                1299.142,
                1408.013,
                1457.643,
                1528.1,
                661.657
            ],
            "unc_channel": [
                0.2434617238313904,
                0.02284407810394554,
                0.04318304577241906,
                0.06534692958292047,
                0.010616190542825497,
                0.006691802804437601,
                0.0056780734174292245,
                0.013714295036143765,
                0.004250491225894809,
                0.006814142332417238,
                0.0491880223610916,
                0.004309091621356818,
                0.030406209445490676,
                0.017707444031219655,
                0.01545067581343335,
                0.07475650884744511,
                0.13884444179958993,
                0.11886796739104223,
                0.15014766931124993,
                0.05960180123075508,
                0.14828735159797612,
                0.011977437537526581,
                0.17490118891459758,
                0.025727777959361126,
                0.13503104306362318,
                0.19654916394340505,
                0.014965488533905376,
                0.07607847896023187,
                0.02357897429821503,
                0.06526490819547949,
                0.023481028023104287,
                0.049193657555606334,
                0.3192297901328635,
                0.061419719017706625,
                0.025595021745313026,
                0.3261462280595608,
                0.14308378590723425,
                0.01336357124111892
            ],
            "fit": [
                0.08668798178831355,
                0.1826463883758308,
                1.9489730764962556e-08
            ],
            "unc": [
                [
                    0.0016059719090555813,
                    -1.2069241408889924e-06,
                    1.5951487301456434e-10
                ],
                [
                    -1.2069241408889924e-06,
                    1.0515192956935555e-09,
                    -1.4926689821602237e-13
                ],
                [
                    1.5951487301456434e-10,
                    -1.4926689821602237e-13,
                    2.3578053867767243e-17
                ]
            ]
        },
        "rescal": {
            "channel": [
                434.8888687143314,
                442.5273924846331,
                878.6996350306389,
                1221.690129877222,
                1513.0522844258192,
                1657.723204060273,
                1948.5075379175082,
                2100.691217371676,
                1339.4380172457545,
                1619.31760862251,
                1884.2372655899337,
                2012.6513663489122,
                2249.8489792033956,
                2429.3100770403366,
                2673.801751180113,
                3086.430344886163,
                3207.251813492479,
                3712.440197640388,
                3767.364282466547,
                3935.1281663504938,
                4261.159084449596,
                4433.996039161134,
                4745.135344349019,
                5030.127194513619,
                5067.175613500953,
                5274.42529260724,
                5498.983194597249,
                5940.830237823114,
                5962.486050025519,
                6084.374501269862,
                6636.458677021995,
                6837.497049053262,
                7108.224231102708,
                7703.774079350188,
                7982.784999999999,
                8364.092533148021,
                3619.7334777197552
            ],