{
    "engcal": [
        0.04421909556155852,
        0.19432425541449783,
        1.526545232242244e-08
    ],
    "effcal": [
        0.0004146027080730467,
        37.45924519892686,
        1.747024298448828,
        1.8864276465737735,
        0.6797470784050799
    ],
    "unc_effcal": [
        [
            1.1960549388891807e-09,
            0.06248418844120552,
            5.905976044547724e-06,
            1.1772577976885116e-05,
            -6.596824684172415e-06
        ],
        [
            0.06248418844120552,
            19740548.200189937,
            707.2310392246769,
            940.5965646655012,
            -451.6658801331609
        ],
        [
            5.905976044547724e-06,
            707.2310392246767,
            0.05152319645081256,
            0.08450614997060536,
            -0.04123430877061068
        ],
        [
            1.1772577976885116e-05,
            940.5965646655011,
            0.08450614997060536,
            0.15454033453497826,
            -0.07812050809128358
        ],
        [
            -6.596824684172415e-06,
            -451.6658801331609,
            -0.04123430877061068,
            -0.07812050809128357,
            0.04097794678777233
        ]
    ],
    "rescal": [
        1.8163399015749226,
        0.00041689900253510015
    ],
    "_calib_data": {
        "engcal": {
            "channel": [
                409.82052417410154,
                416.4050012468139,
                826.4480265919651,
                1148.4610940181105,
                1422.1259176149522,
                1558.3451442828464,
                1831.8334306457107,
                1975.0199220412132,
                3403.649938836071,
                626.2337918570526,
                1258.7373782169632,
                1519.9878962844116,
                1771.0789417057247,
                1891.8363082073447,
                2114.881149512646,
                2283.7779919857044,
                3541.9266890813856,
                4006.5253586271915,
                4461.647277998373,
                4958.729563609153,
                5170.457799966403,
                5585.050648894788,
                5605.052413800597,
                5719.949212509311,
                6238.761132333164,
                6681.741157387627,
                7242.008215187667,
                7500.495799999999,
                7859.846094389613
            ],
            "energy": [
                79.6142,
                80.9979,
                160.612,
                223.2368,
                276.3989,
                302.8508,
                356.0129,
                383.8485,
                661.657,
                121.7817,
                244.6974,
                295.9387,
                344.2785,
                367.7891,
                411.1165,
                443.9606,
                688.67,
                778.9045,
                867.38,
                964.057,
                1005.27,
                1085.837,
                1089.737,
                1112.076,
                1212.948,
                1299.142,
                1408.013,
                1457.643,
                1528.1
            ],
            "unc_channel": [
                0.22435263450707324,
                0.019023852860925092,
                0.08693960569692433,
                0.10648052536640953,
                0.011843025961271597,
                0.00834011025138947,
                0.012424291660560425,
                0.016173569019787254,
                0.011776937554741611,
                0.01030542054829341,
                0.011759079668859323,
                0.08481195680303294,
                0.007772139316573145,
                0.059968236983022546,
                0.028717489152169866,
                0.030843588066302732,
                0.10246606347138736,
                0.01815563718162014,
                0.041755271304161415,
                0.024197787024874795,
                0.18452511827138476,
                0.02764001883287061,
                0.09248568273530149,
                0.024286486593875865,
                0.1057655607422658,
                0.10979249772124552,
                0.037838726624137835,
                1.1374803410849053,
                0.2146004698179837
            ],
            "fit": [
                0.04421909556155852,
                0.19432425541449783,
                1.526545232242244e-08
            ],
            "unc": [
                [
                    0.0009209745904940079,
                    -6.915327654555929e-07,
                    9.566848916461123e-11
                ],
                [
                    -6.915327654555929e-07,
                    5.917931897541513e-10,
                    -8.719973280978889e-14
                ],
                [
                    9.566848916461123e-11,
                    -8.719973280978889e-14,
                    1.3939530909675572e-17
                ]
            ]
        },
        "rescal": {
            "channel": [
                409.82052417410154,
                416.4050012468139,
                826.4480265919651,
                1148.4610940181105,
                1422.1259176149522,
                1558.3451442828464,
                1831.8334306457107,
                1975.0199220412132,
                3403.649938836071,
                626.2337918570526,
                1258.7373782169632,
                1771.0789417057247,
                1891.8363082073447,
                2114.881149512646,
                2283.7779919857044,
                3541.9266890813856,
                4006.5253586271915,
                4461.647277998373,
                4958.729563609153,
                5170.457799966403,
                5585.050648894788,
                5605.052413800597,
                5719.949212509311,
                6238.761132333164,
                6681.741157387627,
                7242.008215187667,
                7859.846094389613
            ],
            "width": [
                3.245399999984694,
                1.8998133352097808,
                2.229512781757472,
                2.081999642146851,
                2.396134198904702,
                2.4584870686065012,
                2.572963394134855,
                2.7094494266612537,
                3.220552492320555,
                2.0945944548122704,
                2.336863715846016,
                2.5614217191710353,
                2.753260694117786,
                2.604873792054216,
                2.8483691905342106,
                3.494520339769113,
                3.4610105572985788,
                3.5483080488571686,
                3.9401819680609056,
                3.999460126320511,
                4.215155044058273,
                4.199479905962194,
                4.197331830663419,
                4.5792505087586335,
                4.997614191614928,
                4.742395366934882,
                4.32205316100823
            ],