{
    "engcal": [
        0.07197803794073038,
        0.19432587418140235,
        1.3411393183383389e-08
    ],
    "effcal": [
        0.003244791906528188,
        93.38440099110795,
        1.8490001292567915,
        1.9499043771809121,
        0.6118138972039471
    ],
    "unc_effcal": [
        [
            1.6270829722484117e-08,
            11919.703439288702,
            9.093583033487602e-06,
            1.8744699405893544e-05,
            -9.841944096659112e-06
        ],
        [
            11919.703439288704,
            2.1194763625313536e+18,
            15882509.54167255,
            21724457.85517351,
            -9427781.534445079
        ],
        [
            9.0935830334876e-06,
            15882509.54167255,
            0.009359977430352853,
            0.01563941668378838,
            -0.006956569581540606
        ],
        [
            1.8744699405893544e-05,
            21724457.85517351,
            0.01563941668378838,
            0.029288425170865946,
            -0.013663464591955596
        ],
        [
            -9.841944096659114e-06,
            -9427781.534445079,
            -0.0069565695815406075,
            -0.013663464591955596,
            0.0066860123227696815
        ]
    ],
    "rescal": [
        1.8210351614202027,
        0.00041604289680301253
    ],
    "_calib_data": {
        "engcal": {
            "channel": [
                409.34269397709966,
                416.27129843973415,
                826.1198761689675,
                1148.896576795795,
                1422.0012088736303,
                1558.1216082703302,
                1831.6171453993447,
                1974.8057641718553,
                626.1893586198804,
                1258.7420151770652,
                1522.1885048266493,
                1771.0695203720948,
                1891.857106550872,
                2114.8290818786454,
                2283.7921222956065,
                2513.8544346122776,
                2901.331379978267,
                3015.767387340551,
                3490.8828086936737,
                3542.3741207483827,
                3700.426598246498,
                4006.6573270893446,
                4168.650340644845,
                4461.570722330015,
                4729.524930908552,
                4763.678322778895,
                4958.864731877676,
                5170.365838918253,
                5585.211130075315,
                5605.3103582564045,
                5720.080200363421,
                6238.965598240467,
                6682.1895651924015,
                7242.140126153818,
                7500.495799999999,
                7859.2313083763465,
                3403.3126657707817
            ],
            "energy": [
                79.6142,
                80.9979,
                160.612,
                223.2368,
                276.3989,
                302.8508,
                356.0129,
                383.8485,
                121.7817,
                244.6974,
                295.9387,
                344.2785,
                367.7891,
                411.1165,
                443.9606,
                488.6792,
                563.986,
                586.2648,
                678.623,
                688.67,
                719.346,
                778.9045,
                810.451,
                867.38,
                919.337,
                926.31,
                964.057,
                1005.27,
                1085.837,
                1089.737,
                1112.076,
                1212.948,
                1299.142,
                1408.013,
                1457.643,
                1528.1,
                661.657
            ],
            "unc_channel": [
                0.18935965310141703,
                0.018951971188808463,
                0.042039932431027834,
                0.06498527598931982,
                0.009315115357247333,
                0.006421640830124232,
                0.005411984515845445,
                0.015843810390298866,
                0.0038681825303269065,
                0.004879483847641084,
                0.04788757862516797,
                0.004509755128117485,
                0.030995111770510324,
                0.014968321493196511,
                0.01250987537586481,
                0.07473240700985369,
                0.08444068108536547,
                0.10799751272880129,
                0.10274462022780495,
                0.042780763777698294,
                0.15140180881574458,
                0.010122275656121695,
                0.0818348081670134,
                0.021944519688221788,
                0.10091866318168875,
                0.11582828707969739,
                0.010251911883052009,
                0.08390182927545446,
                0.018025105886811697,
                0.054346407083217384,
                0.019387446115003606,
                0.054095795712872395,
                0.05765882981164036,
                0.0206945568968063,
                0.3597951665519673,
                0.1482469926314876,
                0.010038386192529287
            ],
            "fit": [
                0.07197803794073038,
                0.19432587418140235,
                1.3411393183383389e-08
            ],
            "unc": [
                [
                    0.0002242815859359818,
                    -1.79733620133727e-07,
                    2.541912521375403e-11
                ],
                [
                    -1.79733620133727e-07,
                    1.6870355557118865e-10,
                    -2.5542204069146964e-14
                ],
                [
                    2.541912521375403e-11,
                    -2.5542204069146964e-14,
                    4.2296419748587346e-18
                ]
            ]
        },
        "rescal": {
            "channel": [
                409.34269397709966,
                416.27129843973415,
                826.1198761689675,
                1148.896576795795,
                1422.0012088736303,
                1558.1216082703302,
                1831.6171453993447,
                1974.8057641718553,
                626.1893586198804,
                1258.7420151770652,
                1522.1885048266493,
                1771.0695203720948,
                1891.857106550872,
                2114.8290818786454,
                2283.7921222956065,
                2513.8544346122776,
                2901.331379978267,
                3015.767387340551,
                3490.8828086936737,
                3542.3741207483827,
                3700.426598246498,
                4006.6573270893446,
                4168.650340644845,
                4461.570722330015,
                4729.524930908552,
                4763.678322778895,
                4958.864731877676,
                5170.365838918253,
                5585.211130075315,
                5605.3103582564045,
                5720.080200363421,
                6238.965598240467,
                6682.1895651924015,
                7242.140126153818,
                7500.495799999999,
                7859.2313083763465,
                3403.3126657707817
            ],