{
    "engcal": [
        0.04990981301867455,
        0.18267895357959213,
        1.484022015483052e-08
    ],
    "effcal": [
        0.00348771338178376,
        74.48694821240763,
        1.9006591767153111,
        1.110678824282924,
        1.5806512556754408
    ],
    "unc_effcal": [
        [
            1.21803253627437e-07,
            -284.53983430833256,
            3.912085283540511e-07,
            2.6833403796641258e-05,
            -0.00012621901597513347
        ],
        [
            -284.53983430833256,
            516274570503442.0,
            326907.4101541161,
            103911.698490426,
            173107.57566410932
        ],
        [
            3.9120852835405117e-07,
            326907.4101541161,
            0.0010822880507612128,
            0.0009553717807589872,
            -0.0012945638721616668
        ],
        [
            2.6833403796641258e-05,
            103911.698490426,
            0.0009553717807589872,
            0.0071620686933139294,
            -0.029751258442600657
        ],
        [
            -0.0001262190159751335,
            173107.57566410935,
            -0.0012945638721616668,
            -0.029751258442600664,
            0.13440276438952364
        ]
    ],
    "rescal": [
        2.548022304598204,
        0.0003796661535045097
    ],
    "_calib_data": {
        "engcal": {
            "channel": [
                434.57623056915884,
                442.52645470783284,
                878.5422029093712,
                1222.3488064942285,
                1513.1040096277065,
                1657.6484152093344,
                1948.4814446566809,
                2100.715606146939,
                665.8696014586819,
                1339.447762075376,
                1618.960511122522,
                1884.2321799563395,
                2012.5352871146665,
                2249.6630043953687,
                2429.3064208429514,
                2673.783207126923,
                3085.9245582305707,
                3207.0162294950983,
                3712.3582182623495,
                3767.278167841511,
                3934.5448651170686,
                4261.264882224023,
                4434.482561769329,
                4745.434192891368,
                5028.846534972263,
                5067.471602860752,
                5274.423150210866,
                5499.253975296271,
                5940.9626620033905,
                5962.736493521225,
                6084.330830531206,
                6636.413796591136,
                7108.5480727296635,
                7703.805485815512,
                7982.784999999999,
                8362.7497377889,
                3619.659294320268
            ],
            "energy": [
                79.6142,
                80.9979,
                160.612,
                223.2368,
                276.3989,
                302.8508,
                356.0129,
                383.8485,
                121.7817,
                244.6974,
                295.9387,
                344.2785,
                367.7891,
                411.1165,
                443.9606,
                488.6792,
                563.986,
                586.2648,
                678.623,
                688.67,
                719.346,
                778.9045,
                810.451,
                867.38,
                919.337,
                926.31,
                964.057,
                1005.27,
                1085.837,
                1089.737,
                1112.076,
                1212.948,
                1299.142,
                1408.013,
                1457.643,
                1528.1,
                661.657
            ],
            "unc_channel": [
                0.24803179936530623,
                0.026195400488636174,
                0.06751536213648958,
                0.11873713950626884,
                0.013454275638714295,
                0.007650570734830199,
                0.009038270234915272,
                0.01398683660179181,
                0.005902921446690601,
                0.008343009822212291,
                0.05771700910512591,
                0.004765288719512643,
                0.04670810431918972,
                0.02054598517778346,
                0.016721192830331657,
                0.06578106747133268,
                0.0988947171485908,
                0.22082666827636238,
                0.12654871232874032,
                0.06651607112341391,
                0.18399016242350835,
                0.0130074851393077,
                0.17723925857550046,
                0.02602018095288719,
                0.13090215486111983,
                0.15379933026645717,
                0.018400914209953684,
                0.08589404944728625,
                0.018925609924310187,
                0.05290468592923416,
                0.019963579823612205,
                0.06147276534424674,
                0.05566587542562989,
                0.028603184256579067,
                0.4858536460658048,
                0.19717388049472012,
                0.013701886855928701
            ],
            "fit": [
                0.04990981301867455,
                0.18267895357959213,
                1.484022015483052e-08
            ],
            "unc": [
                [
                    0.0019499415341078772,
                    -1.4106260795697063e-06,
                    1.8306750541103188e-10
                ],
                [
                    -1.4106260795697063e-06,
                    1.1671333445405293e-09,
                    -1.6106056782491122e-13
                ],
                [
                    1.8306750541103188e-10,
                    -1.6106056782491122e-13,
                    2.4126693275657917e-17
                ]
            ]
        },
        "rescal": {
            "channel": [
                434.57623056915884,
                442.52645470783284,
                878.5422029093712,
                1222.3488064942285,
                1513.1040096277065,
                1657.6484152093344,
                1948.4814446566809,
                2100.715606146939,
                665.8696014586819,
                1339.447762075376,
                1618.960511122522,
                1884.2321799563395,
                2012.5352871146665,
                2249.6630043953687,
                2429.3064208429514,
                2673.783207126923,
                3085.9245582305707,
                3207.0162294950983,
                3712.3582182623495,
                3767.278167841511,
                3934.5448651170686,
                4261.264882224023,
                4434.482561769329,
                4745.434192891368,
                5028.846534972263,
                5067.471602860752,
                5274.423150210866,
                5499.253975296271,
                5940.9626620033905,
                5962.736493521225,
                6084.330830531206,
                6636.413796591136,
                7108.5480727296635,
                7703.805485815512,
                7982.784999999999,
                8362.7497377889,
                3619.659294320268
            ],