{
    "engcal": [
        -0.18627255100527082,
        0.02673412116260069,
        2.7639021912867543e-09
    ],
    "effcal": [
        0.0023919526097193424,
        0.3129302329711266,
        5.999999999999991,
        1.4492121671917486,
        1.708366085264077
    ],
    "unc_effcal": [
        [
            2.037856007260065e-06,
            -0.0010077796697304778,
            -0.001995776703740084,
            -0.00010816647422905696,
            0.004662728442320452
        ],
        [
            -0.0010077796697304778,
            0.5596954003056759,
            1.224424309828552,
            0.07370986676470645,
            -2.75231960589525
        ],
        [
            -0.001995776703740084,
            1.224424309828552,
            4.858932385369551,
            0.27444375631969337,
            -6.421598150847324
        ],
        [
            -0.00010816647422905698,
            0.07370986676470645,
            0.27444375631969337,
            0.019690197449255206,
            -0.41243532719170123
        ],
        [
            0.004662728442320452,
            -2.7523196058952504,
            -6.421598150847324,
            -0.41243532719170123,
            13.990466392147779
        ]
    ],
    "rescal": [
        3.1174670909380593,
        0.000576189173346739
    ],
    "_calib_data": {
        "engcal": {
            "channel": [
                2982.7039536419156,
                3035.371170332232,
                6012.248044396137,
                8347.961465616716,
                10332.794800000001,
                11322.200800000002,
                13309.008000000002,
                14350.382800000001,
                3298.8001802216395,
                4572.043309868249,
                5110.923071024408
            ],
            "energy": [
                79.6142,
                80.9979,
                160.612,
                223.2368,
                276.3989,
                302.8508,
                356.0129,
                383.8485,
                88.0336,
                122.06065,
                136.47356
            ],
            "unc_channel": [
                0.15477029009938695,
                0.20261209505371625,
                0.16989526739806496,
                0.2829132617344259,
                0.16884275417167288,
                0.20963041372157312,
                0.48449228571498093,
                0.7063139640598005,
                0.18953067396991183,
                0.19827911899074216,
                0.20594478081429424
            ],
            "fit": [
                -0.18627255100527082,
                0.02673412116260069,
                2.7639021912867543e-09
            ],
            "unc": [
                [
                    0.006629556282445721,
                    -2.120717347622051e-06,
                    1.3713292939739558e-10
                ],
                [
                    -2.120717347622051e-06,
                    7.244539067947429e-10,
                    -4.836888942668181e-14
                ],
                [
                    1.3713292939739558e-10,
                    -4.836888942668181e-14,
                    3.3238571802456653e-18
                ]
            ]
        },
        "rescal": {
            "channel": [
                2982.7039536419156,
                3035.371170332232,
                6012.248044396137,
                8347.961465616716,
                10332.794800000001,
                11322.200800000002,
                13309.008000000002,
                14350.382800000001,
                3298.8001802216395,
                4572.043309868249,
                5110.923071024408
            ],
            "width": [
                4.7886,
                4.819799999999999,
                6.6066,
                8.012399999999998,
                9.205199999999998,
                9.799199999999997,
                10.99199999999686,
                9.146695947777323,
                4.977599999999999,
                5.7414,
                6.0648
            ],
            "unc_width": [
                0.49178015777632506,
                0.6352076625895138,
                0.5494701480614356,
                0.9119028998366859,
                0.4999991325839532,
                0.5840679744391811,
                1.0979989745174012,
                1.5725621550093873,
                0.5914390671205247,
                0.6122402337716502,
                0.6389354090171139
            ],
            "fit": [
                3.1174670909380593,
                0.000576189173346739
            ],
            "unc": [
                [
                    0.04125789195539943,
                    -4.998618290946443e-06
                ],
                [
                    -4.998618290946443e-06,
                    7.774911596638785e-10
                ]
            ]
        },
        "effcal": {
            "energy": [
                79.6142,
                80.9979,
                160.612,
                223.2368,
                276.3989,
                302.8508,
                356.0129,
                88.0336,
                122.06065,
                136.47356
            ],
            "efficiency": [
                0.0017306266468892838,
                0.002182388231120242,
                0.0009730666161778367,
                0.0005533218477429101,
                0.0003645098271212258,
                0.0002778803204688229,
                0.00013451107553709058,
                0.0019069007808071748,
                0.0012966340848699393,
                0.0010756517612075646
            ],
            "unc_efficiency": [
                0.00015623437481712425,
                0.0002509282561943984,
                6.92418602799804e-05,
                5.367428484842462e-05,
                1.845043021567774e-05,
                1.622643114378031e-05,
                1.71174022083473e-05,
                0.0001972722110838897,
                0.00012197452862005964,
                9.973929112169835e-05
            ],
            "fit": [
                0.0023919526097193424,
                0.3129302329711266,
                5.999999999999991,
                1.4492121671917486,
                1.708366085264077
            ],
            "unc": [
                [
                    2.037856007260065e-06,
                    -0.0010077796697304778,
                    -0.001995776703740084,
                    -0.00010816647422905696,
                    0.004662728442320452
                ],
                [
                    -0.0010077796697304778,
                    0.5596954003056759,
                    1.224424309828552,
                    0.07370986676470645,
                    -2.75231960589525
                ],
                [
                    -0.001995776703740084,
                    1.224424309828552,
                    4.858932385369551,
                    0.27444375631969337,
                    -6.421598150847324
                ],
                [
                    -0.00010816647422905698,
                    0.07370986676470645,
                    0.27444375631969337,
                    0.019690197449255206,
                    -0.41243532719170123
                ],
                [
                    0.004662728442320452,
                    -2.7523196058952504,
                    -6.421598150847324,
                    -0.41243532719170123,
                    13.990466392147779
                ]
            ]
        }
    }
}