{
    "engcal": [
        -0.1948651006529501,
        0.026742607655511282,
        2.048689999789492e-09
    ],
    "effcal": [
        0.00431516723599294,
        0.061804833731026146,
        5.999999999999999,
        1.449518813009788,
        4.264476221071537
    ],
    "unc_effcal": [
        [
            0.00878682384337153,
            -0.16829413840091048,
            -0.21100820866142514,
            -0.00667303958068077,
            2.9833904619295875
        ],
        [
            -0.16829413840091045,
            3.224185577915665,
            4.055128797458751,
            0.12945515810593727,
            -57.21970446827341
        ],
        [
            -0.21100820866142514,
            4.055128797458751,
            7.515674727524077,
            0.2920326498288772,
            -73.30797242252973
        ],
        [
            -0.0066730395806807695,
            0.12945515810593727,
            0.2920326498288772,
            0.017150425437607694,
            -2.4755956801054317
        ],
        [
            2.9833904619295875,
            -57.21970446827342,
            -73.30797242252973,
            -2.4755956801054317,
            1020.8609212246251
        ]
    ],
    "rescal": [
        3.1054663839651813,
        0.000578879114070099
    ],
    "_calib_data": {
        "engcal": {
            "channel": [
                2982.288997973786,
                3035.243031046806,
                6011.866498526965,
                8350.082031411046,
                10332.794800000001,
                11322.200800000002,
                13309.008000000002,
                14350.382800000003,
                3300.335169441966
            ],
            "energy": [
                79.6142,
                80.9979,
                160.612,
                223.2368,
                276.3989,
                302.8508,
                356.0129,
                383.8485,
                88.0336
            ],
            "unc_channel": [
                0.16675147577195057,
                0.2134600502520696,
                0.18962282581558365,
                0.3058087601057241,
                0.18966369518894718,
                0.23358062428008586,
                0.518737675532826,
                0.8246634354921628,
                0.23439418674263088
            ],
            "fit": [
                -0.1948651006529501,
                0.026742607655511282,
                2.048689999789492e-09
            ],
            "unc": [
                [
                    0.00693659327019895,
                    -2.288973901699566e-06,
                    1.4969963119410091e-10
                ],
                [
                    -2.288973901699566e-06,
                    8.206524210751141e-10,
                    -5.561228064577523e-14
                ],
                [
                    1.4969963119410091e-10,
                    -5.561228064577523e-14,
                    3.8713058371699615e-18
                ]
            ]
        },
        "rescal": {
            "channel": [
                2982.288997973786,
                3035.243031046806,
                6011.866498526965,
                8350.082031411046,
                10332.794800000001,
                11322.200800000002,
                13309.008000000002,
                14350.382800000003,
                3300.335169441966
            ],
            "width": [
                4.7886,
                4.819799999999999,
                6.6066,
                8.012399999999998,
                9.205199999999998,
                9.799199999999997,
                10.991999999994967,
                9.488428017688882,
                4.977599999999999
            ],
            "unc_width": [
                0.530060646959992,
                0.6728075580479523,
                0.61035465849753,
                0.965238235315284,
                0.5562535576349059,
                0.6510119209066958,
                1.173222589256742,
                1.7091398664858708,
                0.730210874916829
            ],
            "fit": [
                3.1054663839651813,
                0.000578879114070099
            ],
            "unc": [
                [
                    0.04857340251536658,
                    -5.489560272274784e-06
                ],
                [
                    -5.489560272274784e-06,
                    8.04136789094035e-10
                ]
            ]
        },
        "effcal": {
            "energy": [
                79.6142,
                80.9979,
                160.612,
                223.2368,
                276.3989,
                302.8508,
                356.0129,
                88.0336
            ],
            "efficiency": [
                0.0013880005676536811,
                0.0018242456884245666,
                0.0007857407876203963,
                0.000507290731601587,
                0.0003040275177715154,
                0.0002376218611280074,
                0.00011076264720998395,
                0.0016636668275649016
            ],
            "unc_efficiency": [
                0.00013438605284235198,
                0.0002209628202073257,
                6.21153969718668e-05,
                5.282992507792116e-05,
                1.7156555621973692e-05,
                1.545191134682027e-05,
                1.4866390455498972e-05,
                0.0002121983800486277
            ],
            "fit": [
                0.00431516723599294,
                0.061804833731026146,
                5.999999999999999,
                1.449518813009788,
                4.264476221071537
            ],
            "unc": [
                [
                    0.00878682384337153,
                    -0.16829413840091048,
                    -0.21100820866142514,
                    -0.00667303958068077,
                    2.9833904619295875
                ],
                [
                    -0.16829413840091045,
                    3.224185577915665,
                    4.055128797458751,
                    0.12945515810593727,
                    -57.21970446827341
                ],
                [
                    -0.21100820866142514,
                    4.055128797458751,
                    7.515674727524077,
                    0.2920326498288772,
                    -73.30797242252973
                ],
                [
                    -0.0066730395806807695,
                    0.12945515810593727,
                    0.2920326498288772,
                    0.017150425437607694,
                    -2.4755956801054317
                ],
                [
                    2.9833904619295875,
                    -57.21970446827342,
                    -73.30797242252973,
                    -2.4755956801054317,
                    1020.8609212246251
                ]
            ]
        }
    }
}