{
    "engcal": [
        0.04899788677465102,
        0.18268306831026676,
        1.5307459027645872e-08
    ],
    "effcal": [
        0.0013488217501641069,
        8.532262083639612,
        1.767923334889577,
        1.0745426937643907,
        1.7066085678200926
    ],
    "unc_effcal": [
        [
            4.0544563124858916e-08,
            5.99427977050009e-05,
            2.4948182603919505e-06,
            2.4660112990163146e-05,
            -0.00011692328761251398
        ],
        [
            5.99427977050009e-05,
            79.17497220281928,
            2.6835978865630197,
            0.7671120105075672,
            -0.7716260963621652
        ],
        [
            2.49481826039195e-06,
            2.6835978865630197,
            0.0929822893076857,
            0.02817879307906052,
            -0.029622687747309428
        ],
        [
            2.4660112990163146e-05,
            0.7671120105075672,
            0.02817879307906052,
            0.02482270589552798,
            -0.08164166116783535
        ],
        [
            -0.00011692328761251398,
            -0.7716260963621652,
            -0.029622687747309428,
            -0.08164166116783535,
            0.3512211775461469
        ]
    ],
    "rescal": [
        2.5819527920676526,
        0.00037829907385895255
    ],
    "_calib_data": {
        "engcal": {
            "channel": [
                434.83893391257635,
                442.4877103846004,
                878.6628625708141,
                1221.7289372411872,
                1513.0429348163416,
                1657.6028279710451,
                1948.423014201778,
                2100.6561786803836,
                665.8737610613767,
                1339.4263028133764,
                1617.7775239356506,
                1884.2083357390832,
                2012.731150132361,
                2249.7262036823627,
                2429.3191956159585,
                2673.4236329960663,
                3085.0336969943496,
                3205.7151431461602,
                3712.992106871045,
                3767.549954929625,
                4261.194468794593,
                4433.762257388865,
                4745.1514238894015,
                5029.801113188085,
                5274.339700478588,
                5499.9203226170175,
                5940.74746812719,
                5962.590606073679,
                6084.2922868860305,
                6636.665195419729,
                7108.31600182523,
                7703.775657356887,
                7982.784999999999,
                8360.132221566033,
                3619.761488105909
            ],
            "energy": [
                79.6142,
                80.9979,
                160.612,
                223.2368,
                276.3989,
                302.8508,
                356.0129,
                383.8485,
                121.7817,
                244.6974,
                295.9387,
                344.2785,
                367.7891,
                411.1165,
                443.9606,
                488.6792,
                563.986,
                586.2648,
                678.623,
                688.67,
                778.9045,
                810.451,
                867.38,
                919.337,
                964.057,
                1005.27,
                1085.837,
                1089.737,
                1112.076,
                1212.948,
                1299.142,
                1408.013,
                1457.643,
                1528.1,
                661.657
            ],
            "unc_channel": [
                0.24818955072909632,
                0.02588780227831389,
                0.09804800742784517,
                0.09634968506031695,
                0.01456871938913969,
                0.0098615962699465,
                0.011187614910876336,
                0.014099305292322397,
                0.0065063475505724565,
                0.008887201184839254,
                0.04806510741799259,
                0.005043922167472818,
                0.04576626747109764,
                0.021853105691859175,
                0.023176155364481973,
                0.09295798541267485,
                0.15614572449616518,
                0.42560658398076745,
                0.1538376100482998,
                0.08342212157463531,
                0.012366775276004141,
                0.1901334131848587,
                0.025565641237216115,
                0.17013519154968093,
                0.026221646163005683,
                0.1274646366897101,
                0.02009508446545012,
                0.06250020077080483,
                0.023047692009569777,
                0.07863690409937502,
                0.07034046632791084,
                0.03616334824664619,
                0.7136278700606548,
                0.2854566577300937,
                0.013009286300677386
            ],
            "fit": [
                0.04899788677465102,
                0.18268306831026676,
                1.5307459027645872e-08
            ],
            "unc": [
                [
                    0.002048684731772287,
                    -1.489209488457097e-06,
                    1.9801895449661164e-10
                ],
                [
                    -1.489209488457097e-06,
                    1.2449120382590553e-09,
                    -1.7683223341919807e-13
                ],
                [
                    1.9801895449661164e-10,
                    -1.7683223341919807e-13,
                    2.735196163771812e-17
                ]
            ]
        },
        "rescal": {
            "channel": [
                434.83893391257635,
                442.4877103846004,
                878.6628625708141,
                1221.7289372411872,
                1513.0429348163416,
                1657.6028279710451,
                1948.423014201778,
                2100.6561786803836,
                665.8737610613767,
                1339.4263028133764,
                1884.2083357390832,
                2012.731150132361,
                2249.7262036823627,
                2429.3191956159585,
                2673.4236329960663,
                3085.0336969943496,
                3205.7151431461602,
                3712.992106871045,
                3767.549954929625,
                4261.194468794593,
                4433.762257388865,
                4745.1514238894015,
                5029.801113188085,
                5274.339700478588,
                5499.9203226170175,
                5940.74746812719,
                5962.590606073679,
                6084.2922868860305,
                6636.665195419729,
                7108.31600182523,
                7703.775657356887,
                7982.784999999999,
                8360.132221566033,
                3619.761488105909
            ],