{
    "engcal": [
        -0.21767428943195452,
        0.026762280951691947,
        6.41537294251624e-10
    ],
    "effcal": [
        0.0002682932241092606,
        0.47002089174099115,
        5.999999999999999,
        1.3838252036756205,
        1.4690179547970816
    ],
    "unc_effcal": [
        [
            8.231737464526232e-09,
            -0.00026064839223758897,
            -0.0004775063521656147,
            -1.3570151632965794e-05,
            0.0008708697747262114
        ],
        [
            -0.00026064839223758897,
            14.22597010243296,
            27.956465218384334,
            0.9361428503764615,
            -49.55081444135865
        ],
        [
            -0.0004775063521656147,
            27.956465218384334,
            60.21012314491753,
            2.106884210205519,
            -98.02568137911166
        ],
        [
            -1.3570151632965794e-05,
            0.9361428503764616,
            2.106884210205519,
            0.08299671361807809,
            -3.3350416992382867
        ],
        [
            0.0008708697747262114,
            -49.55081444135865,
            -98.02568137911166,
            -3.3350416992382863,
            173.11376633884979
        ]
    ],
    "rescal": [
        3.006059931733006,
        0.0005986322815687069
    ],
    "_calib_data": {
        "engcal": {
            "channel": [
                2981.703636181076,
                3034.512526099114,
                6009.566196953029,
                8345.987600000002,
                10332.794800000001,
                11322.200800000002,
                13309.008000000002,
                14350.382800000001,
                3299.3590110458526
            ],
            "energy": [
                79.6142,
                80.9979,
                160.612,
                223.2368,
                276.3989,
                302.8508,
                356.0129,
                383.8485,
                88.0336
            ],
            "unc_channel": [
                0.1487067540625331,
                0.2090180118294889,
                0.17575991014339767,
                0.30043091481355316,
                0.22966930936654334,
                0.3270313868767431,
                0.7848868820248015,
                1.9087262110741297,
                0.2176649867540806
            ],
            "fit": [
                -0.21767428943195452,
                0.026762280951691947,
                6.41537294251624e-10
            ],
            "unc": [
                [
                    0.005024924148365066,
                    -1.7569541710114838e-06,
                    1.2129118605783321e-10
                ],
                [
                    -1.7569541710114838e-06,
                    6.56106009450345e-10,
                    -4.670941304590851e-14
                ],
                [
                    1.2129118605783321e-10,
                    -4.670941304590851e-14,
                    3.4225297132280576e-18
                ]
            ]
        },
        "rescal": {
            "channel": [
                2981.703636181076,
                3034.512526099114,
                6009.566196953029,
                8345.987600000002,
                10332.794800000001,
                11322.200800000002,
                13309.008000000002,
                3299.3590110458526
            ],
            "width": [
                4.7886,
                4.819799999999999,
                6.6066,
                8.012399999999998,
                9.205199999999998,
                9.799199999999862,
                10.84182385715691,
                4.977599999999999
            ],
            "unc_width": [
                0.4779775349119796,
                0.6582488445102678,
                0.5732092797229553,
                0.9799999066314447,
                0.6770574167997182,
                0.8949107512053291,
                1.718879032004474,
                0.7118713695646413
            ],
            "fit": [
                3.006059931733006,
                0.0005986322815687069
            ],
            "unc": [
                [
                    0.00028135311406492084,
                    -3.7170727523803154e-08
                ],
                [
                    -3.7170727523803154e-08,
                    6.4790560240959346e-12
                ]
            ]
        },
        "effcal": {
            "energy": [
                79.6142,
                80.9979,
                160.612,
                223.2368,
                276.3989,
                302.8508,
                356.0129,
                88.0336
            ],
            "efficiency": [
                0.00021102190175062291,
                0.00028992573132147843,
                0.00013220821213746686,
                7.79687569279766e-05,
                4.607123185468894e-05,
                3.130639982538183e-05,
                1.170387823307749e-05,
                0.0002879284727723765
            ],
            "unc_efficiency": [
                1.8367641296737372e-05,
                3.438881702394133e-05,
                9.72457681115996e-06,
                8.0451394669598e-06,
                3.147051252395288e-06,
                2.817500459934888e-06,
                2.2873778112023e-06,
                3.463744584143951e-05
            ],
            "fit": [
                0.0002682932241092606,
                0.47002089174099115,
                5.999999999999999,
                1.3838252036756205,
                1.4690179547970816
            ],
            "unc": [
                [
                    8.231737464526232e-09,
                    -0.00026064839223758897,
                    -0.0004775063521656147,
                    -1.3570151632965794e-05,
                    0.0008708697747262114
                ],
                [
                    -0.00026064839223758897,
                    14.22597010243296,
                    27.956465218384334,
                    0.9361428503764615,
                    -49.55081444135865
                ],
                [
                    -0.0004775063521656147,
                    27.956465218384334,
                    60.21012314491753,
                    2.106884210205519,
                    -98.02568137911166
                ],
                [
                    -1.3570151632965794e-05,
                    0.9361428503764616,
                    2.106884210205519,
                    0.08299671361807809,
                    -3.3350416992382867
                ],
                [
                    0.0008708697747262114,
                    -49.55081444135865,
                    -98.02568137911166,
                    -3.3350416992382863,
                    173.11376633884979
                ]
            ]
        }
    }
}