{
    "engcal": [
        0.045514404822105455,
        0.18268603721774623,
        1.3878674443853639e-08
    ],
    "effcal": [
        0.0007844583777577398,
        5.279174744383791,
        1.5683235689739874,
        0.9625961105653774,
        2.0151506489432203
    ],
    "unc_effcal": [
        [
            5.312589083784751e-08,
            0.007526366353975942,
            0.0005281428362908169,
            0.00011268574508585872,
            -0.00048111612347802963
        ],
        [
            0.007526366353975942,
            1520.1462421250164,
            106.59522996763687,
            19.25570150261562,
            -78.04535081035195
        ],
        [
            0.0005281428362908168,
            106.59522996763687,
            7.477424071467347,
            1.3537048486418644,
            -5.479207951478688
        ],
        [
            0.00011268574508585869,
            19.25570150261562,
            1.3537048486418644,
            0.2680493563665697,
            -1.1018004942836948
        ],
        [
            -0.00048111612347802963,
            -78.04535081035195,
            -5.479207951478689,
            -1.1018004942836948,
            4.592845317973504
        ]
    ],
    "rescal": [
        2.5489398939309345,
        0.000381284737352758
    ],
    "_calib_data": {
        "engcal": {
            "channel": [
                434.9475504537692,
                442.48110470403907,
                878.9645861661342,
                1221.3378181330795,
                1513.065812620278,
                1657.702317264594,
                1948.4639584897661,
                2100.7042307435577,
                665.8698737862017,
                1339.5058560012826,
                1617.8919788218213,
                1884.2295770612116,
                2013.0828610695028,
                2249.7566775927035,
                2429.302786206702,
                2672.3752973654446,
                3084.951141446098,
                3206.663903330443,
                3711.092225058549,
                3766.8963242418617,
                4261.231470369344,
                4745.272809081956,
                5274.48243836617,
                5499.0179794832075,
                5941.065938532093,
                5962.658297059567,
                6084.545671500747,
                6636.7753764898325,
                7108.539203027233,
                7703.916730037307,
                7982.784999999999,
                8361.337399856757,
                3619.7127758313513
            ],
            "energy": [
                79.6142,
                80.9979,
                160.612,
                223.2368,
                276.3989,
                302.8508,
                356.0129,
                383.8485,
                121.7817,
                244.6974,
                295.9387,
                344.2785,
                367.7891,
                411.1165,
                443.9606,
                488.6792,
                563.986,
                586.2648,
                678.623,
                688.67,
                778.9045,
                867.38,
                964.057,
                1005.27,
                1085.837,
                1089.737,
                1112.076,
                1212.948,
                1299.142,
                1408.013,
                1457.643,
                1528.1,
                661.657
            ],
            "unc_channel": [
                0.24070547959471814,
                0.02452929130073427,
                0.1163446652126763,
                0.09916393474144793,
                0.01884699598847798,
                0.009233593731102125,
                0.013369307205186112,
                0.016713705484492955,
                0.00804695579671992,
                0.013091978343159607,
                0.07679599025669456,
                0.006885047218329952,
                0.06291138225618804,
                0.04142321557763385,
                0.027801144373974334,
                0.18891997162573396,
                0.21302559820750705,
                0.6293640125106948,
                0.230649445334375,
                0.13053334901604696,
                0.019597120273543916,
                0.04925578692554881,
                0.032993123277826636,
                0.19253166373528716,
                0.031288170190605175,
                0.09264785427992078,
                0.03140400289121741,
                0.13856141274939307,
                0.1076950661359637,
                0.039644981351799204,
                0.9475390811299121,
                0.3896774459312289,
                0.01290016793479327
            ],
            "fit": [
                0.045514404822105455,
                0.18268603721774623,
                1.3878674443853639e-08
            ],
            "unc": [
                [
                    0.002444109674449158,
                    -1.7635688066347924e-06,
                    2.3132883189993859e-10
                ],
                [
                    -1.7635688066347924e-06,
                    1.4788397258910976e-09,
                    -2.0901604817580105e-13
                ],
                [
                    2.3132883189993859e-10,
                    -2.0901604817580105e-13,
                    3.274373459758794e-17
                ]
            ]
        },
        "rescal": {
            "channel": [
                434.9475504537692,
                442.48110470403907,
                878.9645861661342,
                1221.3378181330795,
                1513.065812620278,
                1657.702317264594,
                1948.4639584897661,
                2100.7042307435577,
                665.8698737862017,
                1339.5058560012826,
                1884.2295770612116,
                2013.0828610695028,
                2249.7566775927035,
                2429.302786206702,
                2672.3752973654446,
                3084.951141446098,
                3711.092225058549,
                3766.8963242418617,
                4261.231470369344,
                4745.272809081956,
                5274.48243836617,
                5499.0179794832075,
                5941.065938532093,
                5962.658297059567,
                6084.545671500747,
                6636.7753764898325,
                7108.539203027233,
                7703.916730037307,
                7982.784999999999,
                8361.337399856757,
                3619.7127758313513
            ],
            "width": [
                3.2609999999912813,
                2.7322529050726296,
                3.2614676962038147,
                2.3480006560713464,
                3.156532329361335,
                3.170184784300888,
                3.276363198197891,
                3.3586424467459004,
                2.8664038751509797,
                2.949226381591678,
                3.2548702667398746,
                3.2489279187491906,
                3.293141502018489,
                3.387950589180164,
                4.245463148603782,
                4.850999999999929,
                4.29151907448036,
                4.2238809735265255,
                4.193499403576783,
                4.463900517661394,
                4.650076499858387,
                4.553071526269172,
                4.986681763157474,
                4.596202502664365,
                4.9515399994662666,
                5.7182715319845965,
                5.530684023021638,
                5.517823460556983,
                7.784999999999998,
                5.1890792661538905,
                3.8622908779938325
            ],