{
    "engcal": [
        -0.049669111648510435,
        0.182751038794244,
        5.63353048079291e-09
    ],
    "effcal": [
        0.0010899679125336485,
        8.83124411274466,
        1.813197045499282,
        1.1051887099163404,
        1.6696986154200304
    ],
    "unc_effcal": [
        [
            4.196430242010777e-08,
            9.401314785183056e-06,
            1.6720102877431191e-06,
            3.148236766602445e-05,
            -0.00014594414681679018
        ],
        [
            9.401314785183056e-06,
            85.83471863270644,
            2.762264733854275,
            0.7612539947945778,
            -0.6141506749718862
        ],
        [
            1.6720102877431191e-06,
            2.762264733854275,
            0.0916587587529636,
            0.02834692648818468,
            -0.027929231825763484
        ],
        [
            3.148236766602445e-05,
            0.7612539947945777,
            0.02834692648818468,
            0.03531689722368579,
            -0.12310909451102624
        ],
        [
            -0.0001459441468167902,
            -0.6141506749718862,
            -0.027929231825763484,
            -0.12310909451102627,
            0.5276918359464238
        ]
    ],
    "rescal": [
        2.570528423600553,
        0.00037212667731856313
    ],
    "_calib_data": {
        "engcal": {
            "channel": [
                434.5860778034757,
                442.468652304779,
                878.3489736304635,
                1222.0157667164285,
                1513.1780248184614,
                1657.6426376485472,
                1948.458962162461,
                2100.727870952683,
                3619.7059085571286,
                665.8622872876039,
                1339.447124404593,
                1617.9020113414456,
                1801.230405960375,
                1884.2734048582947,
                2012.8904832553953,
                2249.731657809089,
                2276.5827832128007,
                2429.3262348019475,
                2673.8240257347466,
                2755.1499271289513,
                3085.661724039998,
                3099.036053397999,
                3206.693633530019,
                3591.1280408193797,
                3690.9819927468207,
                3712.403719902945,
                3767.652594854962,
                3935.531114075686,
                4185.096717786762,
                4261.279377520162,
                4434.502962457935,
                4602.835913441916,
                4745.421416380273,
                5029.798123532843,
                5067.41488773839,
                5274.550692324692,
                5499.59538597604,
                5941.044575889238,
                5962.612204454087,
                6075.641399998728,
                6084.783100902348,
                6636.605385955664,
                6839.766511919569,
                7108.280647595976,
                7703.988059872498,
                7982.784999999999,
                8361.365574551372
            ],
            "energy": [
                79.6142,
                80.9979,
                160.612,
                223.2368,
                276.3989,
                302.8508,
                356.0129,
                383.8485,
                661.657,
                121.7817,
                244.6974,
                295.9387,
                329.41,
                344.2785,
                367.7891,
                411.1165,
                416.02,
                443.9606,
                488.6792,
                503.467,
                563.986,
                566.438,
                586.2648,
                656.489,
                674.64,
                678.623,
                688.67,
                719.346,
                764.88,
                778.9045,
                810.451,
                841.574,
                867.38,
                919.337,
                926.31,
                964.057,
                1005.27,
                1085.837,
                1089.737,
                1109.18,
                1112.076,
                1212.948,
                1249.94,
                1299.142,
                1408.013,
                1457.643,
                1528.1
            ],
            "unc_channel": [
                0.22498256821993529,
                0.024469697833568296,
                0.08593685609572478,
                0.1066696675660019,
                0.01574719772692942,
                0.009576305980687401,
                0.012760217135451238,
                0.015484565631729426,
                0.011969242448037612,
                0.00654317887362987,
                0.007065044867472837,
                0.031469503860302936,
                0.15372323564590815,
                0.003145339609606563,
                0.021161391321107934,
                0.011776003030476236,
                0.15356020106702392,
                0.010653599238685918,
                0.04517947278714316,
                0.09221819107495513,
                0.07002905388481503,
                0.23720498785677888,
                0.48659078291303653,
                0.2583111810532241,
                0.13232891293316323,
                0.05672465677978739,
                0.031082329460672867,
                0.11521052218738143,
                0.3932064102397184,
                0.006489447452066941,
                0.11032489371211919,
                0.21499579021669618,
                0.013606080471859584,
                0.09149007408702926,
                0.11665933183956784,
                0.026258485939012848,
                0.058479652547054436,
                0.012174934572840385,
                0.03834178562789518,
                1.7466692615127444,
                0.0353086021735049,
                0.03707546204657987,
                0.1813656885379716,
                0.04649171951873267,
                0.020879950854518933,
                0.7896329226967125,
                0.11665265269115885
            ],
            "fit": [
                -0.049669111648510435,
                0.182751038794244,
                5.63353048079291e-09
            ],
            "unc": [
                [
                    0.002025910642327263,
                    -1.359181841008869e-06,
                    1.7418310200490506e-10
                ],
                [
                    -1.359181841008869e-06,
                    1.0218185082473675e-09,
                    -1.3888216030928805e-13
                ],
                [
                    1.7418310200490506e-10,
                    -1.3888216030928805e-13,
                    2.029830208456381e-17
                ]
            ]
        },