{
    "engcal": [
        -0.14983594205753734,
        0.026727824191824307,
        3.2524195640910797e-09
    ],
    "effcal": [
        0.0002690115015253551,
        0.45300280795402237,
        5.999999999999999,
        1.3885491981677904,
        1.5045687284845635
    ],
    "unc_effcal": [
        [
            2.846658400280203e-09,
            -2.6328579039770985e-05,
            -3.979073699755498e-05,
            -7.781325948371173e-07,
            7.695623657016474e-05
        ],
        [
            -2.6328579039770985e-05,
            0.8668911431884979,
            2.0014506774211998,
            0.0972608220406854,
            -3.272603620538534
        ],
        [
            -3.979073699755498e-05,
            2.0014506774211998,
            7.623239988158834,
            0.36494686530956183,
            -7.888596730730719
        ],
        [
            -7.781325948371178e-07,
            0.09726082204068542,
            0.36494686530956183,
            0.021227054368043754,
            -0.4041385777083253
        ],
        [
            7.695623657016474e-05,
            -3.272603620538534,
            -7.888596730730717,
            -0.4041385777083252,
            12.64704959423681
        ]
    ],
    "rescal": [
        3.0056358296271877,
        0.0005986586075570272
    ],
    "_calib_data": {
        "engcal": {
            "channel": [
                2981.703636181076,
                3034.512526099114,
                6009.566196953029,
                8345.987600000002,
                10332.794800000001,
                11322.200800000002,
                13309.008000000002,
                14350.382800000001,
                3299.3590110458526,
                4571.995308078967,
                5110.854622039157
            ],
            "energy": [
                79.6142,
                80.9979,
                160.612,
                223.2368,
                276.3989,
                302.8508,
                356.0129,
                383.8485,
                88.0336,
                122.06065,
                136.47356
            ],
            "unc_channel": [
                0.1487067540625331,
                0.2090180118294889,
                0.17575991014339767,
                0.30043091481355316,
                0.22966930936654334,
                0.3270313868767431,
                0.7848868820248015,
                1.9087262110741297,
                0.2176649867540806,
                0.20225125526407045,
                0.2003443648433152
            ],
            "fit": [
                -0.14983594205753734,
                0.026727824191824307,
                3.2524195640910797e-09
            ],
            "unc": [
                [
                    0.009358269829745998,
                    -3.131107876980463e-06,
                    2.1316454138091736e-10
                ],
                [
                    -3.131107876980463e-06,
                    1.1084409005169418e-09,
                    -7.78836691293001e-14
                ],
                [
                    2.1316454138091736e-10,
                    -7.78836691293001e-14,
                    5.665684965450864e-18
                ]
            ]
        },
        "rescal": {
            "channel": [
                2981.703636181076,
                3034.512526099114,
                6009.566196953029,
                8345.987600000002,
                10332.794800000001,
                11322.200800000002,
                13309.008000000002,
                3299.3590110458526,
                4571.995308078967,
                5110.854622039157
            ],
            "width": [
                4.7886,
                4.819799999999999,
                6.6066,
                8.012399999999998,
                9.205199999999998,
                9.799199999999862,
                10.84182385715691,
                4.977599999999999,
                5.7414,
                6.0648
            ],
            "unc_width": [
                0.4779775349119796,
                0.6582488445102678,
                0.5732092797229553,
                0.9799999066314447,
                0.6770574167997182,
                0.8949107512053291,
                1.718879032004474,
                0.7118713695646413,
                0.6335245165910239,
                0.6231754883332975
            ],
            "fit": [
                3.0056358296271877,
                0.0005986586075570272
            ],
            "unc": [
                [
                    0.00018484546031777437,
                    -2.636229793267047e-08
                ],
                [
                    -2.636229793267047e-08,
                    4.7690351242393384e-12
                ]
            ]
        },
        "effcal": {
            "energy": [
                79.6142,
                80.9979,
                160.612,
                223.2368,
                276.3989,
                302.8508,
                356.0129,
                88.0336,
                122.06065,
                136.47356
            ],
            "efficiency": [
                0.00021102190175062291,
                0.00028992573132147843,
                0.00013220821213746686,
                7.79687569279766e-05,
                4.607123185468894e-05,
                3.130639982538183e-05,
                1.170387823307749e-05,
                0.0002799940368507212,
                0.00017358803793718466,
                0.00014381482458229996
            ],
            "unc_efficiency": [
                1.8367641296737372e-05,
                3.438881702394133e-05,
                9.72457681115996e-06,
                8.0451394669598e-06,
                3.147051252395288e-06,
                2.817500459934888e-06,
                2.2873778112023e-06,
                3.3682942829380764e-05,
                1.6716389055960097e-05,
                1.296342337271898e-05
            ],
            "fit": [
                0.0002690115015253551,
                0.45300280795402237,
                5.999999999999999,
                1.3885491981677904,
                1.5045687284845635
            ],
            "unc": [
                [
                    2.846658400280203e-09,
                    -2.6328579039770985e-05,
                    -3.979073699755498e-05,
                    -7.781325948371173e-07,
                    7.695623657016474e-05
                ],
                [
                    -2.6328579039770985e-05,
                    0.8668911431884979,
                    2.0014506774211998,
                    0.0972608220406854,
                    -3.272603620538534
                ],
                [
                    -3.979073699755498e-05,
                    2.0014506774211998,
                    7.623239988158834,
                    0.36494686530956183,
                    -7.888596730730719
                ],
                [
                    -7.781325948371178e-07,
                    0.09726082204068542,
                    0.36494686530956183,
                    0.021227054368043754,
                    -0.4041385777083253
                ],
                [
                    7.695623657016474e-05,
                    -3.272603620538534,
                    -7.888596730730717,
                    -0.4041385777083252,
                    12.64704959423681
                ]
            ]
        }
    }
}