{
    "engcal": [
        0.24144117759935246,
        0.18240947679421615,
        8.783827284707101e-08
    ],
    "effcal": [
        0.0011823842222408423,
        62.71017218592915,
        2.1069997415534507,
        1.5082714365495071,
        1.0277861808183077
    ],
    "unc_effcal": [
        [
            4.465271746888251e-09,
            9.568701649486608e-21,
            7.29620728711317e-06,
            1.2604333511019418e-05,
            -1.6184244873679713e-05
        ],
        [
            9.56870164948661e-21,
            2.9852957776633525e-32,
            2.645923446311684e-17,
            4.2154650936064383e-17,
            -4.8017686662408124e-17
        ],
        [
            7.29620728711317e-06,
            2.6459234463116834e-17,
            0.026704118666867577,
            0.03850134674962565,
            -0.04164661407799411
        ],
        [
            1.260433351101942e-05,
            4.2154650936064383e-17,
            0.03850134674962566,
            0.060193427433437426,
            -0.06723338954283527
        ],
        [
            -1.6184244873679716e-05,
            -4.8017686662408124e-17,
            -0.04164661407799411,
            -0.06723338954283527,
            0.07772669277175051
        ]
    ],
    "rescal": [
        2.591744589828923,
        0.000371406756254372
    ],
    "_calib_data": {
        "engcal": {
            "channel": [
                434.5860778034757,
                442.468652304779,
                878.3489736304635,
                1222.0157667164285,
                1513.1780248184614,
                1657.6426376485472,
                1948.458962162461,
                2100.727870952683,
                3619.7059085571286
            ],
            "energy": [
                79.6142,
                80.9979,
                160.612,
                223.2368,
                276.3989,
                302.8508,
                356.0129,
                383.8485,
                661.657
            ],
            "unc_channel": [
                0.22498256821993529,
                0.024469697833568296,
                0.08593685609572478,
                0.1066696675660019,
                0.01574719772692942,
                0.009576305980687401,
                0.012760217135451238,
                0.015484565631729426,
                0.011969242448037612
            ],
            "fit": [
                0.24144117759935246,
                0.18240947679421615,
                8.783827284707101e-08
            ],
            "unc": [
                [
                    0.004844431020452439,
                    -4.2452009140437376e-06,
                    8.128682235898778e-10
                ],
                [
                    -4.2452009140437376e-06,
                    3.9533656247035875e-09,
                    -7.882660909810959e-13
                ],
                [
                    8.128682235898778e-10,
                    -7.882660909810959e-13,
                    1.6380420760958168e-16
                ]
            ]
        },
        "rescal": {
            "channel": [
                434.5860778034757,
                442.468652304779,
                878.3489736304635,
                1222.0157667164285,
                1513.1780248184614,
                1657.6426376485472,
                1948.458962162461,
                2100.727870952683,
                3619.7059085571286
            ],
            "width": [
                3.2609999999999997,
                2.761055952956172,
                2.8115491488106827,
                2.780147005570014,
                3.1940958833845685,
                3.20140030927002,
                3.291498165880269,
                3.3860330799911704,
                3.9398516217062522
            ],
            "unc_width": [
                0.5022793380138248,
                0.05559015986274755,
                0.2773415525783743,
                0.34042432738539957,
                0.044946862917644916,
                0.02568583183952896,
                0.03220811599919494,
                0.04206232195763963,
                0.02947404967954727
            ],
            "fit": [
                2.591744589828923,
                0.000371406756254372
            ],
            "unc": [
                [
                    0.0006160750571638606,
                    -2.4670999150971355e-07
                ],
                [
                    -2.4670999150971355e-07,
                    1.1664006523296343e-10
                ]
            ]
        },
        "effcal": {
            "energy": [
                79.6142,
                80.9979,
                160.612,
                223.2368,
                276.3989,
                302.8508,
                356.0129,
                383.8485,
                661.657
            ],
            "efficiency": [
                0.0015878380400756683,
                0.0010889214863614124,
                0.0010165466660269709,
                0.0008725876777975112,
                0.0007736116588906772,
                0.0006939227036931268,
                0.000593379375339857,
                0.0005522559521206537,
                0.0003349217839841478
            ],
            "unc_efficiency": [
                0.00030602808093039755,
                2.8368496348491168e-05,
                8.550106636855236e-05,
                9.163177414536168e-05,
                1.2265910330481607e-05,
                7.979526676956743e-06,
                3.0515901648335196e-05,
                8.381397370167438e-06,
                3.415664982913658e-06
            ],
            "fit": [
                0.0011823842222408423,
                62.71017218592915,
                2.1069997415534507,
                1.5082714365495071,
                1.0277861808183077
            ],
            "unc": [
                [
                    4.465271746888251e-09,
                    9.568701649486608e-21,
                    7.29620728711317e-06,
                    1.2604333511019418e-05,
                    -1.6184244873679713e-05
                ],
                [
                    9.56870164948661e-21,
                    2.9852957776633525e-32,
                    2.645923446311684e-17,
                    4.2154650936064383e-17,
                    -4.8017686662408124e-17
                ],
                [
                    7.29620728711317e-06,
                    2.6459234463116834e-17,
                    0.026704118666867577,
                    0.03850134674962565,
                    -0.04164661407799411
                ],
                [
                    1.260433351101942e-05,
                    4.2154650936064383e-17,
                    0.03850134674962566,
                    0.060193427433437426,
                    -0.06723338954283527
                ],
                [
                    -1.6184244873679716e-05,
                    -4.8017686662408124e-17,
                    -0.04164661407799411,
                    -0.06723338954283527,
                    0.07772669277175051
                ]
            ]
        }
    }
}