{
    "engcal": [
        0.09087899173784719,
        0.19435977509432237,
        1.35258569747849e-08
    ],
    "effcal": [
        0.0006251513248638254,
        98.24399054248293,
        2.379191565770929,
        2.63903538134711,
        0.4415099578931894
    ],
    "unc_effcal": [
        [
            4.235988755498601e-09,
            -2.2632828679770048e-20,
            7.049333746808765e-06,
            8.101528346778231e-06,
            -4.9831968045091505e-06
        ],
        [
            -2.2632828679770048e-20,
            6.63134339011405e-31,
            -2.6522124011933185e-16,
            -1.7018429389051706e-16,
            4.6303910338682627e-17
        ],
        [
            7.049333746808763e-06,
            -2.652212401193318e-16,
            0.10938860203611037,
            0.06392930628131405,
            -0.0159967044678208
        ],
        [
            8.101528346778231e-06,
            -1.7018429389051706e-16,
            0.06392930628131405,
            0.048858869994647,
            -0.014851487947763378
        ],
        [
            -4.9831968045091505e-06,
            4.630391033868263e-17,
            -0.0159967044678208,
            -0.014851487947763382,
            0.006795527213301762
        ]
    ],
    "rescal": [
        1.8372307046567262,
        0.00040208445021759203
    ],
    "_calib_data": {
        "engcal": {
            "channel": [
                409.16396338674025,
                416.15922596737875,
                825.9542931533554,
                1148.0101688035436,
                1421.4318087745503,
                1557.512571525,
                1830.9008613402802,
                1974.0319792295948,
                626.2033531673495,
                1258.63096585411,
                1520.5358746388192,
                1770.8170074445093,
                1891.668029062059,
                2114.5913515603224,
                2283.3462463636306,
                2513.378692991604,
                2901.750352332214,
                3015.1583968937625,
                3490.0796622930184,
                3541.650480253794,
                4005.780423437324,
                4460.585496277583,
                4727.826068207213,
                4957.7371918172175,
                5169.235605825689,
                5583.843417751735,
                5604.2121985365475,
                5718.798994886391,
                6237.4631761413475,
                6680.757202497928,
                7240.477926612323,
                7500.495799999999,
                7858.190233437582,
                3403.4822497739506
            ],
            "energy": [
                79.6142,
                80.9979,
                160.612,
                223.2368,
                276.3989,
                302.8508,
                356.0129,
                383.8485,
                121.7817,
                244.6974,
                295.9387,
                344.2785,
                367.7891,
                411.1165,
                443.9606,
                488.6792,
                563.986,
                586.2648,
                678.623,
                688.67,
                778.9045,
                867.38,
                919.337,
                964.057,
                1005.27,
                1085.837,
                1089.737,
                1112.076,
                1212.948,
                1299.142,
                1408.013,
                1457.643,
                1528.1,
                661.657
            ],
            "unc_channel": [
                0.19881274882315414,
                0.019532476405274782,
                0.02941961604168804,
                0.04579206401568311,
                0.004904848832990693,
                0.004064749359943147,
                0.00964893292377842,
                0.00581614657192206,
                0.01216837646402738,
                0.010820119314944376,
                0.0631900715322449,
                0.004655422485967951,
                0.04963107266772931,
                0.02320641306682417,
                0.02051352628645692,
                0.07035934326620182,
                0.17425878410906434,
                0.21000621899117122,
                0.17122644129222309,
                0.0773259527353508,
                0.014781164414844122,
                0.024961461993376084,
                0.12830469541442174,
                0.021754013651251403,
                0.107485828302716,
                0.017882870235692825,
                0.04767055770221388,
                0.01876445167237989,
                0.06300395147252365,
                0.06751247324815658,
                0.018673029190925863,
                1.0294737765959099,
                0.1561413364694418,
                0.010025514175304003
            ],
            "fit": [
                0.09087899173784719,
                0.19435977509432237,
                1.35258569747849e-08
            ],
            "unc": [
                [
                    0.0007961013227314431,
                    -5.863283548143719e-07,
                    7.626049717807966e-11
                ],
                [
                    -5.863283548143719e-07,
                    4.592653808804083e-10,
                    -6.184482055302634e-14
                ],
                [
                    7.626049717807966e-11,
                    -6.184482055302634e-14,
                    8.859724656617671e-18
                ]
            ]
        },
        "rescal": {
            "channel": [
                409.16396338674025,
                416.15922596737875,
                825.9542931533554,
                1148.0101688035436,
                1421.4318087745503,
                1557.512571525,
                1830.9008613402802,
                1974.0319792295948,
                626.2033531673495,
                1258.63096585411,
                1770.8170074445093,
                1891.668029062059,
                2114.5913515603224,
                2283.3462463636306,
                2513.378692991604,
                2901.750352332214,
                3015.1583968937625,
                3490.0796622930184,
                3541.650480253794,
                4005.780423437324,
                4460.585496277583,
                4727.826068207213,
                4957.7371918172175,
                5169.235605825689,
                5583.843417751735,
                5718.798994886391,
                6237.4631761413475,
                6680.757202497928,
                7240.477926612323,
                7500.495799999999,
                7858.190233437582,
                3403.4822497739506
            ],
            "width": [
                3.245399999999406,
                1.9185346556300424,
                2.190453835314723,
                2.311988757338504,
                2.3954526782325827,
                2.4727031997151037,
                2.567582514315024,
                2.6466952995723503,
                2.0843352964177906,
                2.328202868815136,
                2.549796437221761,
                2.8325995339594776,
                2.80081486373975,
                2.724615402770934,
                2.5666176215787466,
                4.739399999999999,
                2.8658677441581095,
                3.856544880510431,
                3.4584635302782,
                3.441569329243428,
                3.666160833793981,
                3.562133506679069,
                3.8677016738756524,
                3.9909391438470614,
                4.061586104995395,
                4.170271880428217,
                4.155071745738294,
                4.536434803024532,
                4.809449109929196,
                7.45811046872317,
                3.8466529564904977,
                3.156426044580115
            ],