{
    "engcal": [
        -0.1879671616390141,
        0.026776333098402286,
        -8.860592402804603e-10
    ],
    "effcal": [
        0.0005645229980768981,
        1.6288437663971458,
        3.6130167568526907,
        0.5803486115946953,
        4.978608118999242
    ],
    "unc_effcal": [
        [
            7.01726759578568e-06,
            0.3712891721614462,
            0.2812225045520864,
            -0.00543441199728964,
            -0.14155648125936207
        ],
        [
            0.3712891721614462,
            23096.02620452177,
            17361.778900119847,
            -353.2861088095042,
            -7614.221513302245
        ],
        [
            0.2812225045520864,
            17361.778900119847,
            13056.515869852747,
            -264.9826027939302,
            -5762.510612742005
        ],
        [
            -0.00543441199728964,
            -353.2861088095042,
            -264.9826027939302,
            5.474669073041676,
            111.92210028003561
        ],
        [
            -0.14155648125936204,
            -7614.221513302243,
            -5762.510612742003,
            111.9221002800356,
            2861.908652392644
        ]
    ],
    "rescal": [
        2.998106877084354,
        0.0006007411878865643
    ],
    "_calib_data": {
        "engcal": {
            "channel": [
                2979.6695925006907,
                3032.737692757685,
                6006.539204225347,
                8345.987600000002,
                10332.794800000001,
                11322.200800000002,
                13309.008000000002,
                14350.382800000001,
                3295.765218636207,
                3295.765218636207
            ],
            "energy": [
                79.6142,
                80.9979,
                160.612,
                223.2368,
                276.3989,
                302.8508,
                356.0129,
                383.8485,
                88.0336,
                88.0336
            ],
            "unc_channel": [
                0.1677459224595206,
                0.21388192170509882,
                0.19284634052883648,
                0.3467936246561752,
                0.4706752521978218,
                0.7854271431766531,
                1.4519430702946414,
                1.4129682588590622,
                0.22194527958029717,
                0.22194527958029717
            ],
            "fit": [
                -0.1879671616390141,
                0.026776333098402286,
                -8.860592402804603e-10
            ],
            "unc": [
                [
                    0.0012774221794039258,
                    -4.6678500704623795e-07,
                    3.362465209966338e-11
                ],
                [
                    -4.6678500704623795e-07,
                    1.8039190836164137e-10,
                    -1.3451560978896284e-14
                ],
                [
                    3.362465209966338e-11,
                    -1.3451560978896284e-14,
                    1.052110683308864e-18
                ]
            ]
        },
        "rescal": {
            "channel": [
                2979.6695925006907,
                3032.737692757685,
                6006.539204225347,
                8345.987600000002,
                10332.794800000001,
                11322.200800000002,
                3295.765218636207,
                3295.765218636207
            ],
            "width": [
                4.7886,
                4.819799999999999,
                6.6066,
                8.012399999999998,
                9.205199999999998,
                9.799199999999859,
                4.977599999999999,
                4.977599999999999
            ],
            "unc_width": [
                0.5354510871779807,
                0.6739565033356466,
                0.6082177719364045,
                1.1095952468041206,
                1.260408623786771,
                1.8316690672464662,
                0.7042105906875241,
                0.7042105906875241
            ],
            "fit": [
                2.998106877084354,
                0.0006007411878865643
            ],
            "unc": [
                [
                    1.1440935155773138e-07,
                    -2.0412466718631648e-11
                ],
                [
                    -2.0412466718631648e-11,
                    4.571124370077095e-15
                ]
            ]
        },
        "effcal": {
            "energy": [
                79.6142,
                80.9979,
                160.612,
                223.2368,
                276.3989,
                302.8508,
                88.0336,
                88.0336
            ],
            "efficiency": [
                0.0007345282545659205,
                0.0009709362445556354,
                0.00045675997704520304,
                0.0002648925856162072,
                0.00010236664852590823,
                5.215538571851947e-05,
                0.0009030496667617256,
                0.0009030496667617256
            ],
            "unc_efficiency": [
                7.162438930362608e-05,
                0.00011784799401987273,
                3.653125175191706e-05,
                3.139582386165132e-05,
                1.3883490725888963e-05,
                1.1049695959703093e-05,
                0.0001097837970438469,
                0.0001097837970438469
            ],
            "fit": [
                0.0005645229980768981,
                1.6288437663971458,
                3.6130167568526907,
                0.5803486115946953,
                4.978608118999242
            ],
            "unc": [
                [
                    7.01726759578568e-06,
                    0.3712891721614462,
                    0.2812225045520864,
                    -0.00543441199728964,
                    -0.14155648125936207
                ],
                [
                    0.3712891721614462,
                    23096.02620452177,
                    17361.778900119847,
                    -353.2861088095042,
                    -7614.221513302245
                ],
                [
                    0.2812225045520864,
                    17361.778900119847,
                    13056.515869852747,
                    -264.9826027939302,
                    -5762.510612742005
                ],
                [
                    -0.00543441199728964,
                    -353.2861088095042,
                    -264.9826027939302,
                    5.474669073041676,
                    111.92210028003561
                ],
                [
                    -0.14155648125936204,
                    -7614.221513302243,
                    -5762.510612742003,
                    111.9221002800356,
                    2861.908652392644
                ]
            ]
        }
    }
}