{
    "engcal": [
        -0.18745666632155872,
        0.026737860864972464,
        2.4123525446156397e-09
    ],
    "effcal": [
        0.002089603689228399,
        0.2177577851199231,
        5.999999999999999,
        1.4395058433604018,
        2.5274107011485416
    ],
    "unc_effcal": [
        [
            7.394912957621475e-06,
            -0.0021246945797480116,
            -0.0037539557457258407,
            -0.00020159595080316133,
            0.017198697977546033
        ],
        [
            -0.002124694579748011,
            0.6293690574998544,
            1.1612395195000087,
            0.06577900711338436,
            -5.222897835519137
        ],
        [
            -0.00375395574572584,
            1.1612395195000087,
            3.8652267115926744,
            0.20787522472356038,
            -10.081746190046086
        ],
        [
            -0.0002015959508031613,
            0.06577900711338436,
            0.20787522472356038,
            0.014268964048785637,
            -0.6036680918460974
        ],
        [
            0.017198697977546033,
            -5.222897835519137,
            -10.081746190046088,
            -0.6036680918460974,
            44.296595503928955
        ]
    ],
    "rescal": [
        3.1037703300384485,
        0.0005790175612612716
    ],
    "_calib_data": {
        "engcal": {
            "channel": [
                2982.288997973786,
                3035.243031046806,
                6011.866498526965,
                8350.082031411046,
                10332.794800000001,
                11322.200800000002,
                13309.008000000002,
                14350.382800000003,
                3300.335169441966,
                4570.885098264368,
                5109.084000275207
            ],
            "energy": [
                79.6142,
                80.9979,
                160.612,
                223.2368,
                276.3989,
                302.8508,
                356.0129,
                383.8485,
                88.0336,
                122.06065,
                136.47356
            ],
            "unc_channel": [
                0.16675147577195057,
                0.2134600502520696,
                0.18962282581558365,
                0.3058087601057241,
                0.18966369518894718,
                0.23358062428008586,
                0.518737675532826,
                0.8246634354921628,
                0.23439418674263088,
                0.21083367701633893,
                0.2013466106294265
            ],
            "fit": [
                -0.18745666632155872,
                0.026737860864972464,
                2.4123525446156397e-09
            ],
            "unc": [
                [
                    0.005202629282143792,
                    -1.6591915504597462e-06,
                    1.0721830033532994e-10
                ],
                [
                    -1.6591915504597462e-06,
                    5.643528166475129e-10,
                    -3.765423149376861e-14
                ],
                [
                    1.0721830033532994e-10,
                    -3.765423149376861e-14,
                    2.5876162194928877e-18
                ]
            ]
        },
        "rescal": {
            "channel": [
                2982.288997973786,
                3035.243031046806,
                6011.866498526965,
                8350.082031411046,
                10332.794800000001,
                11322.200800000002,
                13309.008000000002,
                14350.382800000003,
                3300.335169441966,
                4570.885098264368,
                5109.084000275207
            ],
            "width": [
                4.7886,
                4.819799999999999,
                6.6066,
                8.012399999999998,
                9.205199999999998,
                9.799199999999997,
                10.991999999994967,
                9.488428017688882,
                4.977599999999999,
                5.7414,
                6.0648
            ],
            "unc_width": [
                0.530060646959992,
                0.6728075580479523,
                0.61035465849753,
                0.965238235315284,
                0.5562535576349059,
                0.6510119209066958,
                1.173222589256742,
                1.7091398664858708,
                0.730210874916829,
                0.6569142754225268,
                0.6181255268918573
            ],
            "fit": [
                3.1037703300384485,
                0.0005790175612612716
            ],
            "unc": [
                [
                    0.030940867299449976,
                    -3.7727539285766205e-06
                ],
                [
                    -3.7727539285766205e-06,
                    5.891377118036576e-10
                ]
            ]
        },
        "effcal": {
            "energy": [
                79.6142,
                80.9979,
                160.612,
                223.2368,
                276.3989,
                302.8508,
                356.0129,
                88.0336,
                122.06065,
                136.47356
            ],
            "efficiency": [
                0.0013880005676536811,
                0.0018242456884245666,
                0.0007857407876203963,
                0.000507290731601587,
                0.0003040275177715154,
                0.0002376218611280074,
                0.00011076264720998395,
                0.0016178212128148356,
                0.0010769799490340873,
                0.0009015504793495651
            ],
            "unc_efficiency": [
                0.00013438605284235198,
                0.0002209628202073257,
                6.21153969718668e-05,
                5.282992507792116e-05,
                1.7156555621973692e-05,
                1.545191134682027e-05,
                1.4866390455498972e-05,
                0.00020635083592434122,
                0.00010788420538187081,
                8.154965830875363e-05
            ],
            "fit": [
                0.002089603689228399,
                0.2177577851199231,
                5.999999999999999,
                1.4395058433604018,
                2.5274107011485416
            ],
            "unc": [
                [
                    7.394912957621475e-06,
                    -0.0021246945797480116,
                    -0.0037539557457258407,
                    -0.00020159595080316133,
                    0.017198697977546033
                ],
                [
                    -0.002124694579748011,
                    0.6293690574998544,
                    1.1612395195000087,
                    0.06577900711338436,
                    -5.222897835519137
                ],
                [
                    -0.00375395574572584,
                    1.1612395195000087,
                    3.8652267115926744,
                    0.20787522472356038,
                    -10.081746190046086
                ],
                [
                    -0.0002015959508031613,
                    0.06577900711338436,
                    0.20787522472356038,
                    0.014268964048785637,
                    -0.6036680918460974
                ],
                [
                    0.017198697977546033,
                    -5.222897835519137,
                    -10.081746190046088,
                    -0.6036680918460974,
                    44.296595503928955
                ]
            ]
        }
    }
}