{
    "engcal": [
        -0.11987041036970864,
        0.02671229815522911,
        4.070667754788066e-09
    ],
    "effcal": [
        6.569987581575891e-05,
        0.16211592245182072,
        5.825711983601344,
        1.4268580542388045,
        5.999999999619568
    ],
    "unc_effcal": [
        [
            7.203469917852207e-08,
            -0.0006029116210120078,
            -0.0005598337407085261,
            -2.3489019489069787e-05,
            0.015835274296647092
        ],
        [
            -0.0006029116210120078,
            5.097217422688397,
            4.7792367097263835,
            0.208074966778101,
            -134.62655543218153
        ],
        [
            -0.0005598337407085261,
            4.7792367097263835,
            6.280644620868219,
            0.27677976358958883,
            -127.01860298115197
        ],
        [
            -2.3489019489069787e-05,
            0.20807496677810097,
            0.27677976358958883,
            0.01522931215583714,
            -5.6653720758826545
        ],
        [
            0.015835274296647092,
            -134.62655543218153,
            -127.01860298115196,
            -5.6653720758826545,
            3567.1664243247114
        ]
    ],
    "rescal": [
        2.9951830297483366,
        0.0006009032606494529
    ],
    "_calib_data": {
        "engcal": {
            "channel": [
                2981.7690414177628,
                3035.8791672733346,
                6014.085220230912,
                10332.979632208371,
                11322.200800000002,
                13309.008000000002,
                14350.382800000001,
                4572.252226346878,
                5110.516235638945
            ],
            "energy": [
                79.6142,
                80.9979,
                160.612,
                276.3989,
                302.8508,
                356.0129,
                383.8485,
                122.06065,
                136.47356
            ],
            "unc_channel": [
                0.15701157356644874,
                0.2032577823950668,
                0.25494279371689316,
                0.1808673357448186,
                0.1832546838051532,
                0.3979112725161012,
                0.8143369758269241,
                0.2019285619165078,
                0.17346274544798748
            ],
            "fit": [
                -0.11987041036970864,
                0.02671229815522911,
                4.070667754788066e-09
            ],
            "unc": [
                [
                    0.013640568979976182,
                    -4.353486963331284e-06,
                    2.76552869453009e-10
                ],
                [
                    -4.353486963331284e-06,
                    1.4772013546866966e-09,
                    -9.64560621694552e-14
                ],
                [
                    2.76552869453009e-10,
                    -9.64560621694552e-14,
                    6.4423647977458506e-18
                ]
            ]
        },
        "rescal": {
            "channel": [
                2981.7690414177628,
                3035.8791672733346,
                6014.085220230912,
                10332.979632208371,
                11322.200800000002,
                13309.008000000002,
                14350.382800000001,
                4572.252226346878,
                5110.516235638945
            ],
            "width": [
                4.7886,
                4.819799999999999,
                6.6066,
                9.205199999999998,
                9.799199999999997,
                10.991999999999996,
                11.617199999999999,
                5.7414,
                6.0648
            ],
            "unc_width": [
                0.49953615186215006,
                0.6385939943927718,
                0.8250519071169887,
                0.5675202325923993,
                0.53679133512677,
                1.0120564123018574,
                2.193182761244136,
                0.6315480511848155,
                0.5522603908267287
            ],
            "fit": [
                2.9951830297483366,
                0.0006009032606494529
            ],
            "unc": [
                [
                    1.0031609230737946e-06,
                    -1.1618992268902678e-10
                ],
                [
                    -1.1618992268902678e-10,
                    1.7350883470292573e-14
                ]
            ]
        },
        "effcal": {
            "energy": [
                79.6142,
                80.9979,
                160.612,
                276.3989,
                302.8508,
                356.0129,
                383.8485,
                122.06065,
                136.47356
            ],
            "efficiency": [
                5.24351839105766e-05,
                7.982592884273145e-05,
                4.5046545005202916e-05,
                1.3991242501840713e-05,
                1.1419009652131034e-05,
                5.985105613983467e-06,
                3.3803342391391534e-06,
                4.7003238133276055e-05,
                3.8568331340971025e-05
            ],
            "unc_efficiency": [
                4.787900968092211e-06,
                9.19891585572175e-06,
                4.777852531431019e-06,
                7.660855767368641e-07,
                5.904785959167105e-07,
                6.52973423897799e-07,
                6.433339430935942e-07,
                4.5010404034006575e-06,
                3.0305978385328284e-06
            ],
            "fit": [
                6.569987581575891e-05,
                0.16211592245182072,
                5.825711983601344,
                1.4268580542388045,
                5.999999999619568
            ],
            "unc": [
                [
                    7.203469917852207e-08,
                    -0.0006029116210120078,
                    -0.0005598337407085261,
                    -2.3489019489069787e-05,
                    0.015835274296647092
                ],
                [
                    -0.0006029116210120078,
                    5.097217422688397,
                    4.7792367097263835,
                    0.208074966778101,
                    -134.62655543218153
                ],
                [
                    -0.0005598337407085261,
                    4.7792367097263835,
                    6.280644620868219,
                    0.27677976358958883,
                    -127.01860298115197
                ],
                [
                    -2.3489019489069787e-05,
                    0.20807496677810097,
                    0.27677976358958883,
                    0.01522931215583714,
                    -5.6653720758826545
                ],
                [
                    0.015835274296647092,
                    -134.62655543218153,
                    -127.01860298115196,
                    -5.6653720758826545,
                    3567.1664243247114
                ]
            ]
        }
    }
}