{
    "engcal": [
        0.13130656305362962,
        0.1941806442682901,
        5.202520761729626e-08
    ],
    "effcal": [
        0.0003986486751156164,
        5.9304863966856765,
        1.695530001180757,
        2.0791178512888786,
        0.6895556470853459
    ],
    "unc_effcal": [
        [
            1.4900484487111492e-09,
            0.002511814921068413,
            0.00012636016619069695,
            -0.00014195248810842308,
            -1.5763194909013982e-05
        ],
        [
            0.0025118149210684127,
            9688.013548525438,
            455.8263830360771,
            -594.7798581573294,
            -39.65768400974253
        ],
        [
            0.00012636016619069692,
            455.8263830360771,
            21.706679253539367,
            -27.65391101217386,
            -1.9832106578224624
        ],
        [
            -0.00014195248810842308,
            -594.7798581573295,
            -27.653911012173864,
            36.95585462529734,
            2.2755169850663686
        ],
        [
            -1.5763194909013982e-05,
            -39.65768400974254,
            -1.9832106578224626,
            2.2755169850663686,
            0.22218836374762604
        ]
    ],
    "rescal": [
        1.7901129598593553,
        0.00042656616512872674
    ],
    "_calib_data": {
        "engcal": {
            "channel": [
                409.82052417410154,
                416.4050012468139,
                826.4480265919651,
                1148.4610940181105,
                1422.1259176149522,
                1558.3451442828464,
                1831.8334306457107,
                1975.0199220412132,
                3403.649938836071
            ],
            "energy": [
                79.6142,
                80.9979,
                160.612,
                223.2368,
                276.3989,
                302.8508,
                356.0129,
                383.8485,
                661.657
            ],
            "unc_channel": [
                0.22435263450707324,
                0.019023852860925092,
                0.08693960569692433,
                0.10648052536640953,
                0.011843025961271597,
                0.00834011025138947,
                0.012424291660560425,
                0.016173569019787254,
                0.011776937554741611
            ],
            "fit": [
                0.13130656305362962,
                0.1941806442682901,
                5.202520761729626e-08
            ],
            "unc": [
                [
                    0.0003262217776658884,
                    -3.1107597110316237e-07,
                    6.421588843746884e-11
                ],
                [
                    -3.1107597110316237e-07,
                    3.18951099820706e-10,
                    -6.912545439927493e-14
                ],
                [
                    6.421588843746884e-11,
                    -6.912545439927493e-14,
                    1.5772128693588702e-17
                ]
            ]
        },
        "rescal": {
            "channel": [
                409.82052417410154,
                416.4050012468139,
                826.4480265919651,
                1148.4610940181105,
                1422.1259176149522,
                1558.3451442828464,
                1831.8334306457107,
                1975.0199220412132,
                3403.649938836071
            ],
            "width": [
                3.245399999984694,
                1.8998133352097808,
                2.229512781757472,
                2.081999642146851,
                2.396134198904702,
                2.4584870686065012,
                2.572963394134855,
                2.7094494266612537,
                3.220552492320555
            ],
            "unc_width": [
                0.5657840497850456,
                0.04835890004573966,
                0.28253363854663494,
                0.3403930413350551,
                0.03380768114617909,
                0.022072910381865523,
                0.030958303748034727,
                0.04251831315930348,
                0.029114350635430636
            ],
            "fit": [
                1.7901129598593553,
                0.00042656616512872674
            ],
            "unc": [
                [
                    0.0016916467048217814,
                    -7.536843676879394e-07
                ],
                [
                    -7.536843676879394e-07,
                    3.9783411925531024e-10
                ]
            ]
        },
        "effcal": {
            "energy": [
                79.6142,
                80.9979,
                160.612,
                223.2368,
                276.3989,
                302.8508,
                356.0129,
                383.8485,
                661.657
            ],
            "efficiency": [
                0.0007284185952765257,
                0.00034731927108667314,
                0.0002930060656162806,
                0.00027820234067909655,
                0.00022963938450615536,
                0.0002146395989771498,
                0.00019400206167444068,
                0.00018311792888403813,
                0.00012246134435075609
            ],
            "unc_efficiency": [
                0.0001323765141926407,
                1.1973399410868219e-05,
                3.148871923178896e-05,
                3.899937383103743e-05,
                3.679942710995607e-06,
                2.6854945360894997e-06,
                1.012810492565888e-05,
                3.5235500912493626e-06,
                1.4774280969773755e-06
            ],
            "fit": [
                0.0003986486751156164,
                5.9304863966856765,
                1.695530001180757,
                2.0791178512888786,
                0.6895556470853459
            ],
            "unc": [
                [
                    1.4900484487111492e-09,
                    0.002511814921068413,
                    0.00012636016619069695,
                    -0.00014195248810842308,
                    -1.5763194909013982e-05
                ],
                [
                    0.0025118149210684127,
                    9688.013548525438,
                    455.8263830360771,
                    -594.7798581573294,
                    -39.65768400974253
                ],
                [
                    0.00012636016619069692,
                    455.8263830360771,
                    21.706679253539367,
                    -27.65391101217386,
                    -1.9832106578224624
                ],
                [
                    -0.00014195248810842308,
                    -594.7798581573295,
                    -27.653911012173864,
                    36.95585462529734,
                    2.2755169850663686
                ],
                [
                    -1.5763194909013982e-05,
                    -39.65768400974254,
                    -1.9832106578224626,
                    2.2755169850663686,
                    0.22218836374762604
                ]
            ]
        }
    }
}