{
    "engcal": [
        0.1212423193581629,
        0.1825965028369289,
        2.4941472376720722e-08
    ],
    "effcal": [
        0.01764434107483177,
        5.7914400440229095,
        1.6497394533540235,
        1.0185540880578197,
        1.6097916972221062
    ],
    "unc_effcal": [
        [
            2.5436543822920364e-06,
            0.005069949066434777,
            0.0003181722665418572,
            0.00017045661444189592,
            -0.000643799515136118
        ],
        [
            0.005069949066434777,
            74.71622829416903,
            4.659323153634405,
            0.7712572963288155,
            -2.185259327737519
        ],
        [
            0.00031817226654185725,
            4.659323153634405,
            0.29141897790970994,
            0.049104971358426557,
            -0.1377588965363577
        ],
        [
            0.00017045661444189592,
            0.7712572963288155,
            0.049104971358426557,
            0.01580969452283424,
            -0.05142522898709471
        ],
        [
            -0.000643799515136118,
            -2.185259327737519,
            -0.13775889653635773,
            -0.051425228987094715,
            0.1793663961994553
        ]
    ],
    "rescal": [
        2.6029745786263287,
        0.00036379450160874984
    ],
    "_calib_data": {
        "engcal": {
            "channel": [
                434.88159095455995,
                442.54241333986124,
                878.7777695833034,
                1221.967859195835,
                1513.0764005097624,
                1657.7328774289467,
                1948.5371322790775,
                2100.7839574294026,
                665.9134121291461,
                1339.486233085627,
                1619.8468819837874,
                1884.33272629808,
                2012.3535337713924,
                2249.711989214657,
                2429.4065992344567,
                2673.5832700288165,
                3086.537992796766,
                3207.1025076878586,
                3712.91478105347,
                3768.3041633396488,
                3936.6118336991153,
                4261.327031026529,
                4433.6923699569115,
                4745.503248099404,
                5030.322255892045,
                5069.030529566419,
                5274.65404272256,
                5498.778686472006,
                5941.30757224591,
                5962.5261759883215,
                6084.683509155547,
                6636.613103308393,
                7108.778606255581,
                7704.19744560704,
                7982.784999999999,
                8363.482830809318,
                3619.867695615506
            ],
            "energy": [
                79.6142,
                80.9979,
                160.612,
                223.2368,
                276.3989,
                302.8508,
                356.0129,
                383.8485,
                121.7817,
                244.6974,
                295.9387,
                344.2785,
                367.7891,
                411.1165,
                443.9606,
                488.6792,
                563.986,
                586.2648,
                678.623,
                688.67,
                719.346,
                778.9045,
                810.451,
                867.38,
                919.337,
                926.31,
                964.057,
                1005.27,
                1085.837,
                1089.737,
                1112.076,
                1212.948,
                1299.142,
                1408.013,
                1457.643,
                1528.1,
                661.657
            ],
            "unc_channel": [
                0.197291353834553,
                0.018031742792596114,
                0.011026398799943693,
                0.017067268401586455,
                0.004968397474063405,
                0.0031015426890036667,
                0.00361715403490872,
                0.007071297959416515,
                0.0037438115621004765,
                0.008012079368778123,
                0.05546588679264961,
                0.004582625916665098,
                0.04750951488703671,
                0.023772213403307357,
                0.02061900547587335,
                0.0691351028314885,
                0.14532104623303133,
                0.11134666010245699,
                0.12453169178446251,
                0.06820142421197296,
                0.2136284292868769,
                0.015589668737166947,
                0.2276857969380474,
                0.033176022669201645,
                0.14145766973906157,
                0.14907479879315225,
                0.019310118785920795,
                0.10515151633813741,
                0.019192352848484466,
                0.06043287549009054,
                0.025280029687799962,
                0.06861501984387013,
                0.08967349538358195,
                0.02827102703085921,
                0.3399513565747336,
                0.13690174273763686,
                0.01337591524872934
            ],
            "fit": [
                0.1212423193581629,
                0.1825965028369289,
                2.4941472376720722e-08
            ],
            "unc": [
                [
                    0.0014411023221617503,
                    -1.1121083582532075e-06,
                    1.4924390964881653e-10
                ],
                [
                    -1.1121083582532075e-06,
                    9.54979683531778e-10,
                    -1.3793628226131523e-13
                ],
                [
                    1.4924390964881653e-10,
                    -1.3793628226131523e-13,
                    2.30025298131214e-17
                ]
            ]
        },
        "rescal": {
            "channel": [
                434.88159095455995,
                442.54241333986124,
                878.7777695833034,
                1221.967859195835,
                1513.0764005097624,
                1657.7328774289467,
                1948.5371322790775,
                2100.7839574294026,
                665.9134121291461,
                1339.486233085627,
                1619.8468819837874,
                1884.33272629808,
                2012.3535337713924,
                2249.711989214657,
                2429.4065992344567,
                2673.5832700288165,
                3086.537992796766,
                3207.1025076878586,
                3712.91478105347,
                3768.3041633396488,
                3936.6118336991153,
                4261.327031026529,
                4433.6923699569115,
                4745.503248099404,
                5030.322255892045,
                5069.030529566419,
                5274.65404272256,
                5498.778686472006,
                5941.30757224591,
                5962.5261759883215,
                6084.683509155547,
                6636.613103308393,
                7108.778606255581,
                7704.19744560704,
                7982.784999999999,
                8363.482830809318,
                3619.867695615506
            ],