{
    "engcal": [
        0.07933396079353125,
        0.1943441061917846,
        7.947828408579983e-09
    ],
    "effcal": [
        0.00018623637669211532,
        10.388588671714317,
        1.3926726634840703,
        0.5630199881638213,
        5.259179393771835
    ],
    "unc_effcal": [
        [
            2.234223269789821e-08,
            0.00050507539422766,
            4.057080475448149e-06,
            5.8589875723515606e-05,
            -0.0013789408540430589
        ],
        [
            0.0005050753942276599,
            50.13460954769085,
            0.7463539977605337,
            1.7596467418373893,
            -33.337644463808175
        ],
        [
            4.0570804754481474e-06,
            0.7463539977605337,
            0.014425542372861845,
            0.02092505310816346,
            -0.30392813174964967
        ],
        [
            5.8589875723515606e-05,
            1.7596467418373896,
            0.02092505310816346,
            0.16330601929784336,
            -3.6766919728915703
        ],
        [
            -0.0013789408540430589,
            -33.337644463808175,
            -0.3039281317496498,
            -3.6766919728915703,
            85.5432416881888
        ]
    ],
    "rescal": [
        1.7870090684531048,
        0.0004168311697998538
    ],
    "_calib_data": {
        "engcal": {
            "channel": [
                409.237387476779,
                416.1295299664903,
                826.429951006964,
                1421.6119507886585,
                1557.6974024037597,
                1831.1275098128822,
                1974.3318714691984,
                626.2420744762634,
                1258.9187307663044,
                1520.618985697762,
                1771.2274280956706,
                1892.1676889614407,
                2115.099896029287,
                2283.901224120701,
                3542.343217938929,
                4007.01706209791,
                4461.83868021183,
                4959.156925448486,
                5170.878489367352,
                5585.450978873639,
                5606.081580918221,
                5720.440447877162,
                6238.217450215946,
                6682.429979426912,
                7242.634916932241,
                7500.495799999999,
                7852.952412967111,
                3403.492655008586
            ],
            "energy": [
                79.6142,
                80.9979,
                160.612,
                276.3989,
                302.8508,
                356.0129,
                383.8485,
                121.7817,
                244.6974,
                295.9387,
                344.2785,
                367.7891,
                411.1165,
                443.9606,
                688.67,
                778.9045,
                867.38,
                964.057,
                1005.27,
                1085.837,
                1089.737,
                1112.076,
                1212.948,
                1299.142,
                1408.013,
                1457.643,
                1528.1,
                661.657
            ],
            "unc_channel": [
                0.09464356996051174,
                0.012135201649786551,
                0.11586626672270312,
                0.017308828568463497,
                0.012860563527122304,
                0.014311663889974919,
                0.014286263482247121,
                0.008693618340038897,
                0.014378913580976947,
                0.07704292467194582,
                0.008645232604992755,
                0.05323583679044309,
                0.041499695337037255,
                0.03799673845269933,
                0.09961521677891871,
                0.01955582628900458,
                0.05134971391054272,
                0.027721531736044285,
                0.2121052744602719,
                0.03556786077612434,
                0.09175887807058399,
                0.03052084917104263,
                0.17237439699655902,
                0.14087501653836176,
                0.034469427578819815,
                1.2669609915262832,
                0.44343992128352766,
                0.010306340913238
            ],
            "fit": [
                0.07933396079353125,
                0.1943441061917846,
                7.947828408579983e-09
            ],
            "unc": [
                [
                    0.0005283213192234887,
                    -3.949853903355444e-07,
                    5.479869506020443e-11
                ],
                [
                    -3.949853903355444e-07,
                    3.693975617629637e-10,
                    -5.665264064469112e-14
                ],
                [
                    5.479869506020443e-11,
                    -5.665264064469112e-14,
                    9.72395475966531e-18
                ]
            ]
        },
        "rescal": {
            "channel": [
                409.237387476779,
                416.1295299664903,
                826.429951006964,
                1421.6119507886585,
                1557.6974024037597,
                1831.1275098128822,
                1974.3318714691984,
                626.2420744762634,
                1258.9187307663044,
                1520.618985697762,
                1771.2274280956706,
                1892.1676889614407,
                2115.099896029287,
                2283.901224120701,
                3542.343217938929,
                4007.01706209791,
                4461.83868021183,
                4959.156925448486,
                5170.878489367352,
                5585.450978873639,
                5606.081580918221,
                5720.440447877162,
                6238.217450215946,
                6682.429979426912,
                7242.634916932241,
                7852.952412967111,
                3403.492655008586
            ],
            "width": [
                2.2442126774399838,
                1.9227317388073482,
                2.465205709849031,
                2.3823531979509465,
                2.441153091414686,
                2.558867063951834,
                2.6409476096289155,
                2.0585029009643807,
                2.314427666415836,
                3.0227149615611117,
                2.5258519992630406,
                2.16872210177084,
                2.651609978218986,
                2.695846658858737,
                3.0603703361609735,
                3.560468187458363,
                3.822901701284223,
                3.85529478234106,
                4.009602466728422,
                4.129692503876258,
                3.74372295468577,
                4.193015804971396,
                4.416868766438331,
                4.133245030991672,
                4.806448493890055,
                5.518032983642887,
                3.1675783918407157
            ],
            "unc_width": [
                0.27979298363263355,
                0.03419890234403026,
                0.36543975816551155,
                0.0486205548379703,
                0.03388360101922675,
                0.03577303758301398,
                0.037391464033635254,
                0.02329939796877572,
                0.040449358018773564,
                0.2359788676741922,
                0.022490292764341308,
                0.16650928631340361,
                0.12455419503069652,
                0.10498529225514992,
                0.30058174029617923,
                0.05337102903202443,
                0.14893389534192805,
                0.07254466584557483,
                0.64110486705862,
                0.09833465487009306,
                0.288941805504417,
                0.08178847619477075,
                0.5143552843442906,
                0.3970760739395505,
                0.08468516996820487,
                1.090844274970439,
                0.024898421193598367
            ],