{
    "engcal": [
        0.14942726893483546,
        0.19419792423710858,
        5.622021660969833e-08
    ],
    "effcal": [
        0.0012309720878407497,
        0.791368010273117,
        0.6999561576281854,
        0.8823479937628089,
        5.999233196888737
    ],
    "unc_effcal": [
        [
            0.0005383662163423818,
            0.2712039757306421,
            0.06026591510519203,
            0.5915091515815355,
            -6.305064771725997
        ],
        [
            0.2712039757306421,
            146.5791238791612,
            27.471305923390492,
            273.4520366861583,
            -3163.0348214148444
        ],
        [
            0.06026591510519203,
            27.471305923390492,
            7.614738623284489,
            73.39633779348485,
            -709.7742508124578
        ],
        [
            0.5915091515815355,
            273.45203668615835,
            73.39633779348485,
            710.4940173860358,
            -6960.388059084994
        ],
        [
            -6.305064771725997,
            -3163.034821414845,
            -709.7742508124578,
            -6960.388059084994,
            73860.39297639804
        ]
    ],
    "rescal": [
        1.709007414453846,
        0.0004810977094288131
    ],
    "_calib_data": {
        "engcal": {
            "channel": [
                409.30592004578244,
                416.27552259674496,
                826.054607336315,
                1148.265228362265,
                1421.9341378810147,
                1558.0264875451467,
                1831.4999939831143,
                1974.7026800309038
            ],
            "energy": [
                79.6142,
                80.9979,
                160.612,
                223.2368,
                276.3989,
                302.8508,
                356.0129,
                383.8485
            ],
            "unc_channel": [
                0.3323212718306614,
                0.02583137706592518,
                0.04033722642954828,
                0.05919503394673192,
                0.009750327965141262,
                0.006516222161662095,
                0.006761052312749093,
                0.014710704911503593
            ],
            "fit": [
                0.14942726893483546,
                0.19419792423710858,
                5.622021660969833e-08
            ],
            "unc": [
                [
                    0.00012327280114855237,
                    -1.6762196105451873e-07,
                    5.525720128778712e-11
                ],
                [
                    -1.6762196105451873e-07,
                    2.54659861261157e-10,
                    -9.068244126473562e-14
                ],
                [
                    5.525720128778712e-11,
                    -9.068244126473562e-14,
                    3.3924407782583547e-17
                ]
            ]
        },
        "rescal": {
            "channel": [
                409.30592004578244,
                416.27552259674496,
                826.054607336315,
                1148.265228362265,
                1421.9341378810147,
                1558.0264875451467,
                1831.4999939831143,
                1974.7026800309038
            ],
            "width": [
                3.2453999999995693,
                1.8989838945245094,
                1.9307834935819697,
                1.9254634827502468,
                2.3960868023202573,
                2.4758764210425346,
                2.5789119211059304,
                2.657533895684643
            ],
            "unc_width": [
                0.9024114476354992,
                0.06641819739503965,
                0.12888717979895642,
                0.18940084986412695,
                0.027210186984399604,
                0.017104190670566576,
                0.01645817406775048,
                0.03653033857633708
            ],
            "fit": [
                1.709007414453846,
                0.0004810977094288131
            ],
            "unc": [
                [
                    0.005821550229814218,
                    -3.4474071374681388e-06
                ],
                [
                    -3.4474071374681388e-06,
                    2.096515632039659e-09
                ]
            ]
        },
        "effcal": {
            "energy": [
                79.6142,
                80.9979,
                160.612,
                223.2368,
                276.3989,
                302.8508,
                356.0129,
                383.8485
            ],
            "efficiency": [
                0.003026499868591175,
                0.001847539123635438,
                0.001776573594352641,
                0.0013702610621110691,
                0.0011903721893803895,
                0.0011471318781842315,
                0.001007776968698182,
                0.0009663536546893686
            ],
            "unc_efficiency": [
                0.0008210074904229223,
                7.905066988098964e-05,
                0.0001030593077889508,
                0.00011597904453566359,
                1.65464906854697e-05,
                1.2411869008088384e-05,
                5.109172349989012e-05,
                1.781829171289545e-05
            ],
            "fit": [
                0.0012309720878407497,
                0.791368010273117,
                0.6999561576281854,
                0.8823479937628089,
                5.999233196888737
            ],
            "unc": [
                [
                    0.0005383662163423818,
                    0.2712039757306421,
                    0.06026591510519203,
                    0.5915091515815355,
                    -6.305064771725997
                ],
                [
                    0.2712039757306421,
                    146.5791238791612,
                    27.471305923390492,
                    273.4520366861583,
                    -3163.0348214148444
                ],
                [
                    0.06026591510519203,
                    27.471305923390492,
                    7.614738623284489,
                    73.39633779348485,
                    -709.7742508124578
                ],
                [
                    0.5915091515815355,
                    273.45203668615835,
                    73.39633779348485,
                    710.4940173860358,
                    -6960.388059084994
                ],
                [
                    -6.305064771725997,
                    -3163.034821414845,
                    -709.7742508124578,
                    -6960.388059084994,
                    73860.39297639804
                ]
            ]
        }
    }
}