filename,isotope,energy,counts,unc_counts,intensity,unc_intensity,efficiency,unc_efficiency,decays,unc_decays,decay_rate,unc_decay_rate,chi2,start_time,live_time,real_time
Data/IDM/CY09252025_Ni13_15cm_IDM.Spe,64CUg,1345.77,78.98013937883002,13.405947693300245,0.00475,0.00010999999999999999,0.0013276713388547968,1.818506247160277e-05,13007447.092443982,2671957.8104197187,7558.075010135957,1552.5611914118062,0.8875894169111823,09/25/2025 03:57:42,1657.0,1721.0
