filename,isotope,energy,counts,unc_counts,intensity,unc_intensity,efficiency,unc_efficiency,decays,unc_decays,decay_rate,unc_decay_rate,chi2,start_time,live_time,real_time
Data/IDM/DY09262025_Ni13_10cm_IDM.Spe,47Vg,1793.9,38.96335606177094,7.232649447648694,0.00191,9.549999999999999e-05,0.001800430877025214,4.0093471740889235e-05,11674783.626791285,2933099.9696855075,3311.0560484376874,831.8491122193725,1.6679587973277508,09/26/2025 00:34:44,3422.0,3526.0
