filename,isotope,energy,counts,unc_counts,intensity,unc_intensity,efficiency,unc_efficiency,decays,unc_decays,decay_rate,unc_decay_rate,chi2,start_time,live_time,real_time
Data/IDM/DZ09262025_Ni12_10cm_IDM.Spe,58COg,810.7593,840.9012284197473,74.003868018648,0.9945,0.049725000000000005,0.0040354737936305245,3.708057414543193e-05,225808.33447668963,24234.806353359607,65.37589301583371,7.016446541215868,1.3827412414469333,09/26/2025 01:49:38,3205.0,3454.0
