filename,isotope,energy,counts,unc_counts,intensity,unc_intensity,efficiency,unc_efficiency,decays,unc_decays,decay_rate,unc_decay_rate,chi2,start_time,live_time,real_time
Data/IDM/FJ09282025_Ni13_10cm_IDM.Spe,58COg,810.7593,1544.7527042593883,48.01855791653708,0.9945,0.049725000000000005,0.0040354737936305245,3.708057414543193e-05,386906.8230461792,25068.63086596075,49.91058088831001,3.233827511088848,1.2057109958728434,09/28/2025 17:29:57,7712.0,7752.0
