filename,isotope,energy,counts,unc_counts,intensity,unc_intensity,efficiency,unc_efficiency,decays,unc_decays,decay_rate,unc_decay_rate,chi2,start_time,live_time,real_time
Data/IDM/FK09282025_Ni12_10cm_IDM.Spe,58COg,810.7593,1829.0145197889178,62.881924004379684,0.9945,0.049725000000000005,0.0040354737936305245,3.708057414543193e-05,463235.42856106185,30422.873490876125,62.455902462054986,4.101776121191334,1.2325083748330583,09/28/2025 19:40:51,7297.0,7417.0
