,isotope,A0,cov A0,sigma_A0
0,62ZNg,101429.10370409467,[38537569.87626293        0.        ],[6207.86355168    0.        ]
1,62CUg,0.0,[0. 0.],[0. 0.]
2,['63ZNg'],[1514117.95664614],[[1.35560469e+09]],[36818.53736727]
3,['65ZNg'],[65.03383392],[[1.17630188]],[1.08457451]
4,['56COg'],[51.42536846],[[30.82895596]],[5.55238291]
5,['58COg'],[1549.03447765],[[7634.0299713]],[87.37293615]
