isotope,A0,cov A0,sigma_A0
62ZNg,101429.10370856326,59619680.80234029,7721.378167292435
62CUg,0.0,0.0,0.0
63ZNg,1514117.9566461353,1355604693.8652034,36818.53736727199
65ZNg,65.3111783773643,0.23089950945012577,0.4805200406331933
56COg,51.28210359283071,8.621046857546624,2.9361619263158194
58COg,1598.2496885989376,4183.805714669607,64.68234469056921
