,isotope,A0,cov A0,sigma_A0
0,62ZNg,101429.10370947776,[59619680.7775107        0.       ],[7721.37816568    0.        ]
1,62CUg,0.0,[0. 0.],[0. 0.]
2,['63ZNg'],[1514117.95664614],[[1.35560469e+09]],[36818.53736727]
3,['65ZNg'],[65.31117838],[[0.23089951]],[0.48052004]
4,['56COg'],[51.28210359],[[8.62104686]],[2.93616193]
5,['58COg'],[1598.2496886],[[4183.80571467]],[64.68234469]
