,isotope,A0,cov A0,sigma_A0
0,62ZNg,118361.255164695,[66472200.97444315        0.        ],[8153.04856937    0.        ]
1,62CUg,0.0,[0. 0.],[0. 0.]
2,['63ZNg'],[2159626.42265246],[[5.92326847e+09]],[76962.77325064]
3,['65ZNg'],[83.01805089],[[1.76395599]],[1.32814005]
4,['56COg'],[10.59008555],[[16.14329146]],[4.01787151]
5,['58COg'],[2414.9507075],[[2887.6048561]],[53.73643881]
