,isotope,A0,cov A0,sigma_A0
0,62ZNg,118361.2551650883,[30951764.56989972        0.        ],[5563.43100702    0.        ]
1,62CUg,0.0,[0. 0.],[0. 0.]
2,['63ZNg'],[2159626.42265246],[[5.92326847e+09]],[76962.77325064]
3,['65ZNg'],[83.32525428],[[3.80303392]],[1.9501369]
4,['56COg'],[7.19302631],[[0.00726367]],[0.08522714]
5,['58COg'],[2397.79454407],[[4884.16778339]],[69.88682124]
