isotope,A0,cov A0,sigma_A0
62ZNg,118361.25516771141,66472201.069572866,8153.04857520013
62CUg,0.0,0.0,0.0
63ZNg,2159626.422652464,5923268466.42977,76962.77325064223
65ZNg,83.01805089034865,1.7639559875619792,1.3281400481733767
56COg,10.590085547854283,16.143291456803322,4.017871508249526
58COg,2414.9507075048605,2887.6048560980516,53.736438811090295
