,isotope,A0,cov A0,sigma_A0
0,62ZNg,116292.60185158605,[32200757.62436861        0.        ],[5674.57114013    0.        ]
1,62CUg,0.0,[0. 0.],[0. 0.]
2,['63ZNg'],[2973879.50191154],[[7.48047519e+09]],[86489.74036146]
3,['65ZNg'],[92.37483854],[[3.80834355]],[1.95149777]
4,['56COg'],[3.46735216],[[inf]],[inf]
5,['58COg'],[2845.24110447],[[33157.6132732]],[182.09232074]
