isotope,A0,cov A0,sigma_A0
62ZNg,116292.60185049003,72179837.26395653,8495.87177774927
62CUg,0.0,0.0,0.0
63ZNg,2973879.5019115396,7480475187.792245,86489.740361457
65ZNg,94.7014856299989,0.9399077205273014,0.9694883808108797
56COg,3.4673521608431646,inf,inf
58COg,3026.5249088079595,19270.54921416084,138.81840373005605
