,isotope,A0,cov A0,sigma_A0
0,62ZNg,127240.54487697553,[40743789.63543752        0.        ],[6383.08621557    0.        ]
1,62CUg,0.0,[0. 0.],[0. 0.]
2,['63ZNg'],[4070018.15156627],[[2.32507458e+10]],[152481.95234395]
3,['65ZNg'],[105.65567589],[[4.64658338]],[2.15559351]
4,['56COg'],[3.58688945],[[inf]],[inf]
5,['58COg'],[2831.41111697],[[19078.85190076]],[138.12621728]
