isotope,A0,cov A0,sigma_A0
62ZNg,127240.54135570393,48642684.100431815,6974.430736657424
62CUg,0.0,0.0,0.0
63ZNg,4196493.185112117,18357908554.366283,135491.3597037327
65ZNg,105.23840122244744,4.677132542444689,2.1626679223691947
56COg,2.7639427676265216,inf,inf
58COg,2851.746936054419,18491.04560362291,135.98178408751266
