,isotope,A0,cov A0,sigma_A0
0,62ZNg,127240.54141478053,[48642686.61655124        0.        ],[6974.43091704    0.        ]
1,62CUg,0.0,[0. 0.],[0. 0.]
2,['63ZNg'],[4070018.15156627],[[2.32507458e+10]],[152481.95234395]
3,['65ZNg'],[105.23840122],[[4.67713254]],[2.16266792]
4,['56COg'],[2.76394277],[[inf]],[inf]
5,['58COg'],[2851.74693605],[[18491.04560362]],[135.98178409]
