,isotope,A0,cov A0,sigma_A0
0,62ZNg,148709.14672229797,[12266711.6688619        0.       ],[3502.38656759    0.        ]
1,62CUg,0.0,[0. 0.],[0. 0.]
2,['63ZNg'],[4861309.98547754],[[5.17340749e+10]],[227451.25826989]
3,['65ZNg'],[114.15345003],[[74.81286274]],[8.64944292]
4,['56COg'],[13.80923571],[[inf]],[inf]
5,['58COg'],[2268.47494204],[[35647.60955775]],[188.80574556]
