isotope,A0,cov A0,sigma_A0
62ZNg,148709.14672229797,12266711.668861905,3502.386567593861
62CUg,0.0,0.0,0.0
63ZNg,4861309.98547754,51734074888.55485,227451.258269887
65ZNg,114.153450034433,74.81286274345577,8.649442915208803
56COg,13.809235708888636,inf,inf
58COg,2268.474942038471,35647.60955775254,188.80574556340318
