,isotope,A0,cov A0,sigma_A0
0,62ZNg,228089.47005489064,[10300272.30650423        0.        ],[3209.40373068    0.        ]
1,62CUg,0.0,[0. 0.],[0. 0.]
2,['63ZNg'],[4635649.90001324],[[5.01150988e+10]],[223864.01853981]
3,['65ZNg'],[123.05970018],[[3.55144785]],[1.88452855]
4,['56COg'],[1.36628242],[[inf]],[inf]
5,['58COg'],[1364.79935297],[[8216.44218842]],[90.64459271]
