isotope,A0,cov A0,sigma_A0
62ZNg,228089.47005416665,47530171.14437672,6894.212873445142
62CUg,0.0,0.0,0.0
63ZNg,4635649.900013243,50115098796.79199,223864.0185398091
65ZNg,125.29680529189851,0.9627414533807189,0.981193891838264
56COg,1.36628241700941,inf,inf
58COg,1441.8808932675668,5154.825710778862,71.79711491960427
