isotope,A0,cov A0,sigma_A0
62ZNg,420682.6014690399,29915107.122733176,5469.470460906903
62CUg,0.0,0.0,0.0
63ZNg,3481611.73886926,9649836193.287064,98233.57976418789
65ZNg,134.84594438913322,210.20915552831553,14.498591501532676
58COg,277.7022047081484,38.360557915782564,6.193590066817674
