isotope,A0,cov A0,sigma_A0
62ZNg,454182.7889494087,391866127.58282995,19795.6087954584
62CUg,0.0,0.0,0.0
63ZNg,4405138.589891114,24963121.993606996,4996.310838369346
65ZNg,161.27226813724258,61.924972418128704,7.869242175592813
58COg,357.8928112039646,233.0476237584532,15.265897410845298
