isotope,A0,cov A0,sigma_A0
62ZNg,683058.5201937514,237795113.28875482,15420.606774337864
62CUg,0.0,0.0,0.0
63ZNg,2623627.2381288963,3357484940.27223,57943.80847227968
65ZNg,179.0538068725532,71.6882791815952,8.466893124493494
58COg,15.422367354766823,inf,inf
