isotope,A0,cov A0,sigma_A0
62ZNg,760094.4533182582,148613422.02239048,12190.71048062378
62CUg,0.0,0.0,0.0
63ZNg,2739833.465707696,9192211079.721174,95876.01931516126
65ZNg,241.82049525222587,10.625895571622445,3.2597385741225393
56COg,3.6221438903189016,inf,inf
