isotope,A0,cov A0,sigma_A0
62ZNg,502668.3387129829,59268423.38609138,7698.598793682613
62CUg,0.0,0.0,0.0
63ZNg,6054958.046899131,47707424970.21627,218420.29431858266
65ZNg,447.9682643631711,20.833741480975505,4.564399355991488
