isotope,A0,cov A0,sigma_A0
62ZNg,48998.62719324782,1284428.0652548065,1133.3261071972208
62CUg,0.0,0.0,0.0
63ZNg,23551162.441595376,1746526281798.8152,1321562.0612740119
65ZNg,1819.4591100718117,122491.9189901798,349.9884555098636
56COg,3.794830884279353,15.814995483183903,3.9768071971348955
