isotope,A0,cov A0,sigma_A0
62ZNg,48998.62719326403,1284428.0661737109,1133.3261076026224
62CUg,0.0,0.0,0.0
63ZNg,23551162.441595376,1746526281798.8152,1321562.0612740119
65ZNg,1836.870969412907,216468.447836476,465.2616982263595
56COg,77.07658983191631,inf,inf
