isotope,A0,cov A0,sigma_A0
62ZNg,9706.16301364638,32759.050936791202,180.99461576740674
62CUg,0.0,0.0,0.0
63ZNg,29705895.41427924,726118570106.3346,852125.9121199957
65ZNg,991.4273152300385,457811.1944245693,676.6174653558459
