isotope,A0,cov A0,sigma_A0
63ZNg,14569378.864764225,1234655641488.4614,1111150.5935238758
65ZNg,1904.2015515655678,2531.519540246265,50.314208134942014
