isotope,A0,cov A0,sigma_A0
63ZNg,14569378.864764225,1234655641488.4614,1111150.5935238758
65ZNg,1906.258769565804,1618.8932130750761,40.235472074713826
56COg,1.4303952911559294,inf,inf
