isotope,A0,cov A0,sigma_A0
57NIg,223578.15125395037,71388646.528214,8449.180228176814
57COg,0.0,0.0,0.0
