isotope,A0,cov A0,sigma_A0
57NIg,229292.97351422723,60131723.71324356,7754.464759945948
57COg,0.0,0.0,0.0
