isotope,A0,cov A0,sigma_A0
57NIg,234400.13681579835,70836458.20864058,8416.439758510754
57COg,0.0,0.0,0.0
