isotope,A0,cov A0,sigma_A0
57NIg,251245.60807354958,82272962.1163763,9070.444427721075
57COg,0.0,0.0,0.0
