isotope,A0,cov A0,sigma_A0
57NIg,260413.74332786337,85548508.73597676,9249.243684538576
57COg,0.0,0.0,0.0
