isotope,A0,cov A0,sigma_A0
57NIg,318121.4348248317,81365511.39076102,9020.283332066738
57COg,0.0,0.0,0.0
