isotope,A0,cov A0,sigma_A0
57NIg,429732.0612465126,217505583.91435504,14748.070514964154
57COg,0.0,0.0,0.0
