isotope,A0,cov A0,sigma_A0
57NIg,477332.3516396896,281322151.2057877,16772.660826648458
57COg,0.0,0.0,0.0
