isotope,A0,cov A0,sigma_A0
57NIg,546820.860851005,191949632.1926497,13854.58884964291
57COg,0.0,0.0,0.0
