isotope,A0,cov A0,sigma_A0
57NIg,482395.96770511236,330828098.3108787,18188.68049944467
57COg,0.0,0.0,0.0
