isotope,A0,cov A0,sigma_A0
57NIg,360229.5208021828,85965812.12599903,9271.775025635547
57COg,0.0,0.0,0.0
