isotope,A0,cov A0,sigma_A0
57NIg,46167.5861577589,1212925.7683865372,1101.3290917734523
57COg,0.0,0.0,0.0
