isotope,A0,cov A0,sigma_A0
40Kg,2037.77599193529,27746.69148905189,166.57338169423076
177Wg,3382449.262697247,1946473847.4582174,44118.86045058527
175TAg,9876.36753867906,9587263.510372626,3096.3306526229762
176TAg,16457.017184092692,27796896.06830257,5272.276175268379
177TAg,133757.82803471066,20513177.20316203,4529.147513954699
178TAg,90131912.2950663,1.2392258837023466e+16,111320522.98216832
180TAg,587614.3057896261,20335744288.61183,142603.4511805792
175HFg,118.56552682468839,70.16632245015721,8.376534035635336
