filename,isotope,energy,counts,unc_counts,intensity,unc_intensity,efficiency,unc_efficiency,decays,unc_decays,decay_rate,unc_decay_rate,chi2,start_time,live_time,real_time
Data/DET2/AF09232025_Ta13_18cm_DET2.Spe,40K,1460.82,68.61336782192816,9.712935074869307,0.1066,0.0017000000000000001,0.0008928723896720497,1.5985845447764105e-05,725002.6284213735,136000.58487218537,824.8039003656127,154.7219395588002,1.7706870802738406,09/23/2025 20:08:35,874.0,879.0
