filename,isotope,energy,counts,unc_counts,intensity,unc_intensity,efficiency,unc_efficiency,decays,unc_decays,decay_rate,unc_decay_rate,chi2,start_time,live_time,real_time
Data/LEPS/AG09232025_Ta14_10cm_LEPS.Spe,175TA,207.4,0.3691430672774352,1.9612832987699054,0.14,0.013000000000000001,0.0006522890793105602,0.00011178052442288468,4045.5627519908053,22515.90592858764,3.281072791557831,18.261075367873186,1.3560193658558362,09/23/2025 20:28:14,1232.0,1233.0
