filename,isotope,energy,counts,unc_counts,intensity,unc_intensity,efficiency,unc_efficiency,decays,unc_decays,decay_rate,unc_decay_rate,chi2,start_time,live_time,real_time
Data/DET2/AT09242025_Ta13_18cm_DET2.Spe,178TA,93.13,169.22080911974933,32.75262551529724,0.066,0.019,0.005968166030358535,0.00010107669404420422,430600.2196966868,153170.20760403556,248.90186109635073,88.53769225666795,1.7392948087522042,09/24/2025 02:30:18,1726.0,1730.0
