filename,isotope,energy,counts,unc_counts,intensity,unc_intensity,efficiency,unc_efficiency,decays,unc_decays,decay_rate,unc_decay_rate,chi2,start_time,live_time,real_time
Data/IDM/BA09242025_Ta13_10cm_IDM.Spe,176TAg,88.35,79.04617430382747,49.374321547288396,0.11900000000000001,0.0059499999999999996,0.017929781499140696,0.0005798400558252115,37263.51959411847,23753.987818046833,21.602040344416505,13.77042772060686,2.041731543808352,09/24/2025 05:28:34,1715.0,1725.0
