filename,isotope,energy,counts,unc_counts,intensity,unc_intensity,efficiency,unc_efficiency,decays,unc_decays,decay_rate,unc_decay_rate,chi2,start_time,live_time,real_time
Data/IDM/BA09242025_Ta13_10cm_IDM.Spe,40K,1460.82,834.442813800535,34.18905455144932,0.1066,0.0017000000000000001,0.0022316633717824113,4.148576652360532e-05,3528057.5745764356,208036.68566316974,2045.2507678703976,120.60097719604043,1.1451701723052035,09/24/2025 05:28:34,1715.0,1725.0
