filename,isotope,energy,counts,unc_counts,intensity,unc_intensity,efficiency,unc_efficiency,decays,unc_decays,decay_rate,unc_decay_rate,chi2,start_time,live_time,real_time
Data/LEPS/DV09252025_Ta13_10cm_LEPS.Spe,175TA,207.4,3.9148408620083006,4.070985478402251,0.14,0.013000000000000001,0.0006522890793105602,0.00011178052442288468,42890.70899741899,50289.94817688904,10.725358589001997,12.57563095196025,1.3045958615072544,09/25/2025 16:20:50,3997.0,3999.0
