filename,isotope,energy,counts,unc_counts,intensity,unc_intensity,efficiency,unc_efficiency,decays,unc_decays,decay_rate,unc_decay_rate,chi2,start_time,live_time,real_time
Data/IDM/FM09282025_Ta12_10cm_IDM_000.Spe,40K,1460.82,14539.91829495056,196.23164730341003,0.1066,0.0017000000000000001,0.0022316633717824113,4.148576652360532e-05,61333043.39291899,1789007.6433869202,2000.6211760093613,58.35560046276284,2.8173101240789538,09/29/2025 00:19:44,30550.0,30657.0
